#
# There is insufficient memory for the Java Runtime Environment to continue.
# Native memory allocation (malloc) failed to allocate 6835736 bytes. Error detail: Chunk::new
# Possible reasons:
#   The system is out of physical RAM or swap space
#   This process is running with CompressedOops enabled, and the Java Heap may be blocking the growth of the native heap
# Possible solutions:
#   Reduce memory load on the system
#   Increase physical memory or swap space
#   Check if swap backing store is full
#   Decrease Java heap size (-Xmx/-Xms)
#   Decrease number of Java threads
#   Decrease Java thread stack sizes (-Xss)
#   Set larger code cache with -XX:ReservedCodeCacheSize=
#   JVM is running with Unscaled Compressed Oops mode in which the Java heap is
#     placed in the first 4GB address space. The Java Heap base address is the
#     maximum limit for the native heap growth. Please use -XX:HeapBaseMinAddress
#     to set the Java Heap base and to place the Java Heap above 4GB virtual address.
# This output file may be truncated or incomplete.
#
#  Out of Memory Error (arena.cpp:186), pid=28904, tid=18560
#
# JRE version: OpenJDK Runtime Environment Temurin-25.0.4.1+1 (25.0.4.1+1) (build 25.0.4.1+1-LTS)
# Java VM: OpenJDK 64-Bit Server VM Temurin-25.0.4.1+1 (25.0.4.1+1-LTS, mixed mode, sharing, tiered, compressed oops, compressed class ptrs, g1 gc, windows-amd64)
# No core dump will be written. Minidumps are not enabled by default on client versions of Windows
#

---------------  S U M M A R Y ------------

Command Line: -Xmx1g -XX:+IgnoreUnrecognizedVMOptions --add-modules=jdk.incubator.vector --add-opens=java.base/java.lang=ALL-UNNAMED --add-opens=java.base/java.lang.invoke=ALL-UNNAMED --add-opens=java.base/java.lang.reflect=ALL-UNNAMED --add-opens=java.base/java.io=ALL-UNNAMED --add-opens=java.base/java.net=ALL-UNNAMED --add-opens=java.base/java.nio=ALL-UNNAMED --add-opens=java.base/java.util=ALL-UNNAMED --add-opens=java.base/java.util.concurrent=ALL-UNNAMED --add-opens=java.base/java.util.concurrent.atomic=ALL-UNNAMED --add-opens=java.base/jdk.internal.ref=ALL-UNNAMED --add-opens=java.base/sun.nio.ch=ALL-UNNAMED --add-opens=java.base/sun.nio.cs=ALL-UNNAMED --add-opens=java.base/sun.security.action=ALL-UNNAMED --add-opens=java.base/sun.util.calendar=ALL-UNNAMED --add-opens=java.security.jgss/sun.security.krb5=ALL-UNNAMED -Dio.netty.tryReflectionSetAccessible=true -Dio.netty.allocator.type=pooled -Dio.netty.handler.ssl.defaultEndpointVerificationAlgorithm=NONE --sun-misc-unsafe-memory-access=allow --enable-native-access=ALL-UNNAMED -Dderby.connection.requireAuthentication=false org.apache.spark.deploy.SparkSubmit --conf spark.master=local[*] --conf spark.app.name=PostgreSQL_Test --conf spark.jars=C:\spark_jar\postgresql-42.7.13.jar pyspark-shell

Host: Intel(R) Core(TM) Ultra 5 125U, 14 cores, 7G,  Windows 11 , 64 bit Build 26100 (10.0.26100.9444)
Time: Tue Sep 15 09:45:05 2026 W. Central Africa Standard Time elapsed time: 1238.531580 seconds (0d 0h 20m 38s)

---------------  T H R E A D  ---------------

Current thread (0x0000029011a3d070):  JavaThread "C2 CompilerThread0" daemon [_thread_in_native, id=18560, stack(0x000000e209900000,0x000000e209a00000) (1024K)]


Current CompileTask:
C2:1238532 19612   !   4       java.net.URL::<init> (523 bytes)

Stack: [0x000000e209900000,0x000000e209a00000]
Native frames: (J=compiled Java code, j=interpreted, Vv=VM code, C=native code)
V  [jvm.dll+0x7aba79]  (no source info available)
V  [jvm.dll+0x775a3d]  (no source info available)
V  [jvm.dll+0x9fb9ed]  (no source info available)
V  [jvm.dll+0x9fdfe1]  (no source info available)
V  [jvm.dll+0x9fe6f3]  (no source info available)
V  [jvm.dll+0x2fdb36]  (no source info available)
V  [jvm.dll+0x111936]  (no source info available)
V  [jvm.dll+0x111c5e]  (no source info available)
V  [jvm.dll+0x1a08d2]  (no source info available)
V  [jvm.dll+0x3b7292]  (no source info available)
V  [jvm.dll+0x7b13fc]  (no source info available)
V  [jvm.dll+0x2c0ef7]  (no source info available)
V  [jvm.dll+0x2bfebf]  (no source info available)
V  [jvm.dll+0x237a30]  (no source info available)
V  [jvm.dll+0x2cffb6]  (no source info available)
V  [jvm.dll+0x2ce23a]  (no source info available)
V  [jvm.dll+0x49131e]  (no source info available)
V  [jvm.dll+0x99cb1d]  (no source info available)
V  [jvm.dll+0x7aa025]  (no source info available)
C  [ucrtbase.dll+0x2cd30]  (no source info available)
C  [KERNEL32.DLL+0x2cd87]  (no source info available)
C  [ntdll.dll+0xacaec]  (no source info available)

Lock stack of current Java thread (top to bottom):


---------------  P R O C E S S  ---------------

Threads class SMR info:
_java_thread_list=0x000002901a9fdb50, length=87, elements={
0x000002907586b500, 0x0000029011a222d0, 0x0000029011a22e90, 0x0000029011a26050,
0x0000029011a27cc0, 0x0000029011a28480, 0x0000029011a28da0, 0x0000029011a3d070,
0x0000029011a3e8f0, 0x0000029011c98df0, 0x0000029011dd4000, 0x0000029017896b30,
0x000002901808eef0, 0x000002901806cf90, 0x0000029018e2f320, 0x0000029018e31af0,
0x00000290177f59d0, 0x00000290177f9850, 0x00000290177fafc0, 0x00000290177fa7f0,
0x00000290177fb790, 0x00000290177fbf60, 0x00000290180b76d0, 0x00000290180b5f60,
0x00000290180b4fc0, 0x00000290180b8670, 0x00000290180b5790, 0x00000290180b9610,
0x00000290180bb550, 0x00000290180ba5b0, 0x0000029016975a70, 0x00000290169723c0,
0x0000029016972b90, 0x0000029016976a10, 0x00000290169771e0, 0x00000290169779b0,
0x0000029018227340, 0x0000029018226b70, 0x0000029018229280, 0x000002901822d100,
0x000002901822a220, 0x000002901822d8d0, 0x0000029018db7cf0, 0x0000029018db6d50,
0x0000029018db55e0, 0x0000029018db7520, 0x0000029018db84c0, 0x0000029018db8c90,
0x0000029018db9460, 0x0000029018db5db0, 0x0000029018cf2b30, 0x0000029018cf0420,
0x0000029018cef480, 0x0000029018cefc50, 0x0000029018a9bfe0, 0x0000029018a9b040,
0x0000029018a9cf80, 0x0000029018a9a0a0, 0x0000029018a9eec0, 0x0000029018a9fe60,
0x0000029018aa15d0, 0x00000290186e55b0, 0x00000290186e7cc0, 0x00000290186e5d80,
0x00000290186e74f0, 0x000002901aadad80, 0x00000290169acef0, 0x0000029018609690,
0x000002901860bda0, 0x000002901860c570, 0x0000029018609e60, 0x000002901860a630,
0x000002901860ec80, 0x000002901860b5d0, 0x00000290186103f0, 0x0000029018611390,
0x000002901860dce0, 0x000002901860e4b0, 0x0000029018612b00, 0x000002901bf3bcd0,
0x000002901bf3c4a0, 0x000002901bf3b500, 0x000002901bf40af0, 0x000002901bf3dc10,
0x000002901bf43200, 0x000002901bf439d0, 0x0000029018b84fc0
}

Java Threads: ( => current thread )
  0x000002907586b500 JavaThread "main"                              [_thread_in_native, id=18204, stack(0x000000e208b00000,0x000000e208c00000) (1024K)]
  0x0000029011a222d0 JavaThread "Reference Handler"          daemon [_thread_blocked, id=2016, stack(0x000000e209300000,0x000000e209400000) (1024K)]
  0x0000029011a22e90 JavaThread "Finalizer"                  daemon [_thread_blocked, id=3640, stack(0x000000e209400000,0x000000e209500000) (1024K)]
  0x0000029011a26050 JavaThread "Signal Dispatcher"          daemon [_thread_blocked, id=27152, stack(0x000000e209500000,0x000000e209600000) (1024K)]
  0x0000029011a27cc0 JavaThread "Attach Listener"            daemon [_thread_blocked, id=4348, stack(0x000000e209600000,0x000000e209700000) (1024K)]
  0x0000029011a28480 JavaThread "Service Thread"             daemon [_thread_blocked, id=20212, stack(0x000000e209700000,0x000000e209800000) (1024K)]
  0x0000029011a28da0 JavaThread "Monitor Deflation Thread"   daemon [_thread_blocked, id=15572, stack(0x000000e209800000,0x000000e209900000) (1024K)]
=>0x0000029011a3d070 JavaThread "C2 CompilerThread0"         daemon [_thread_in_native, id=18560, stack(0x000000e209900000,0x000000e209a00000) (1024K)]
  0x0000029011a3e8f0 JavaThread "C1 CompilerThread0"         daemon [_thread_blocked, id=25540, stack(0x000000e209a00000,0x000000e209b00000) (1024K)]
  0x0000029011c98df0 JavaThread "Notification Thread"        daemon [_thread_blocked, id=27696, stack(0x000000e209b00000,0x000000e209c00000) (1024K)]
  0x0000029011dd4000 JavaThread "Common-Cleaner"             daemon [_thread_blocked, id=5508, stack(0x000000e209c00000,0x000000e209d00000) (1024K)]
  0x0000029017896b30 JavaThread "org.apache.hadoop.fs.FileSystem$Statistics$StatisticsDataReferenceCleaner" daemon [_thread_blocked, id=30400, stack(0x000000e20a800000,0x000000e20a900000) (1024K)]
  0x000002901808eef0 JavaThread "Thread-2"                          [_thread_in_native, id=30600, stack(0x000000e20a900000,0x000000e20aa00000) (1024K)]
  0x000002901806cf90 JavaThread "Thread-3"                          [_thread_blocked, id=15640, stack(0x000000e20aa00000,0x000000e20ab00000) (1024K)]
  0x0000029018e2f320 JavaThread "Thread-4"                          [_thread_in_native, id=1292, stack(0x000000e20ab00000,0x000000e20ac00000) (1024K)]
  0x0000029018e31af0 JavaThread "rpc-boss-3-1"               daemon [_thread_in_native, id=27312, stack(0x000000e20ac00000,0x000000e20ad00000) (1024K)]
  0x00000290177f59d0 JavaThread "dispatcher-event-loop-0"    daemon [_thread_blocked, id=23016, stack(0x000000e20ad00000,0x000000e20ae00000) (1024K)]
  0x00000290177f9850 JavaThread "dispatcher-event-loop-1"    daemon [_thread_blocked, id=19536, stack(0x000000e20ae00000,0x000000e20af00000) (1024K)]
  0x00000290177fafc0 JavaThread "dispatcher-event-loop-2"    daemon [_thread_blocked, id=8100, stack(0x000000e20af00000,0x000000e20b000000) (1024K)]
  0x00000290177fa7f0 JavaThread "dispatcher-event-loop-3"    daemon [_thread_blocked, id=19132, stack(0x000000e20b000000,0x000000e20b100000) (1024K)]
  0x00000290177fb790 JavaThread "dispatcher-event-loop-4"    daemon [_thread_blocked, id=12824, stack(0x000000e20b100000,0x000000e20b200000) (1024K)]
  0x00000290177fbf60 JavaThread "dispatcher-event-loop-5"    daemon [_thread_blocked, id=7252, stack(0x000000e20b200000,0x000000e20b300000) (1024K)]
  0x00000290180b76d0 JavaThread "dispatcher-event-loop-6"    daemon [_thread_blocked, id=4632, stack(0x000000e20b300000,0x000000e20b400000) (1024K)]
  0x00000290180b5f60 JavaThread "dispatcher-event-loop-7"    daemon [_thread_blocked, id=11184, stack(0x000000e20b400000,0x000000e20b500000) (1024K)]
  0x00000290180b4fc0 JavaThread "dispatcher-event-loop-8"    daemon [_thread_blocked, id=25164, stack(0x000000e20b500000,0x000000e20b600000) (1024K)]
  0x00000290180b8670 JavaThread "dispatcher-event-loop-9"    daemon [_thread_blocked, id=15624, stack(0x000000e20b600000,0x000000e20b700000) (1024K)]
  0x00000290180b5790 JavaThread "dispatcher-event-loop-10"   daemon [_thread_blocked, id=27300, stack(0x000000e20b700000,0x000000e20b800000) (1024K)]
  0x00000290180b9610 JavaThread "dispatcher-event-loop-11"   daemon [_thread_blocked, id=28400, stack(0x000000e20b800000,0x000000e20b900000) (1024K)]
  0x00000290180bb550 JavaThread "dispatcher-event-loop-12"   daemon [_thread_blocked, id=15184, stack(0x000000e20b900000,0x000000e20ba00000) (1024K)]
  0x00000290180ba5b0 JavaThread "dispatcher-event-loop-13"   daemon [_thread_blocked, id=22640, stack(0x000000e20ba00000,0x000000e20bb00000) (1024K)]
  0x0000029016975a70 JavaThread "map-output-dispatcher-0"    daemon [_thread_blocked, id=16552, stack(0x000000e20bb00000,0x000000e20bc00000) (1024K)]
  0x00000290169723c0 JavaThread "map-output-dispatcher-1"    daemon [_thread_blocked, id=27792, stack(0x000000e20bc00000,0x000000e20bd00000) (1024K)]
  0x0000029016972b90 JavaThread "map-output-dispatcher-2"    daemon [_thread_blocked, id=30064, stack(0x000000e20bd00000,0x000000e20be00000) (1024K)]
  0x0000029016976a10 JavaThread "map-output-dispatcher-3"    daemon [_thread_blocked, id=28024, stack(0x000000e20be00000,0x000000e20bf00000) (1024K)]
  0x00000290169771e0 JavaThread "map-output-dispatcher-4"    daemon [_thread_blocked, id=28436, stack(0x000000e20bf00000,0x000000e20c000000) (1024K)]
  0x00000290169779b0 JavaThread "map-output-dispatcher-5"    daemon [_thread_blocked, id=22492, stack(0x000000e20c000000,0x000000e20c100000) (1024K)]
  0x0000029018227340 JavaThread "map-output-dispatcher-6"    daemon [_thread_blocked, id=13052, stack(0x000000e20c100000,0x000000e20c200000) (1024K)]
  0x0000029018226b70 JavaThread "map-output-dispatcher-7"    daemon [_thread_blocked, id=29272, stack(0x000000e20c200000,0x000000e20c300000) (1024K)]
  0x0000029018229280 JavaThread "dispatcher-BlockManagerMaster" daemon [_thread_blocked, id=3320, stack(0x000000e20c400000,0x000000e20c500000) (1024K)]
  0x000002901822d100 JavaThread "dispatcher-BlockManagerEndpoint1" daemon [_thread_blocked, id=8992, stack(0x000000e20c500000,0x000000e20c600000) (1024K)]
  0x000002901822a220 JavaThread "RemoteBlock-temp-file-clean-thread" daemon [_thread_blocked, id=29192, stack(0x000000e20c600000,0x000000e20c700000) (1024K)]
  0x000002901822d8d0 JavaThread "refresh progress"           daemon [_thread_blocked, id=1696, stack(0x000000e20c700000,0x000000e20c800000) (1024K)]
  0x0000029018db7cf0 JavaThread "SparkUI-72"                 daemon [_thread_in_native, id=14476, stack(0x000000e20c800000,0x000000e20c900000) (1024K)]
  0x0000029018db6d50 JavaThread "SparkUI-73"                 daemon [_thread_in_native, id=23436, stack(0x000000e20c900000,0x000000e20ca00000) (1024K)]
  0x0000029018db55e0 JavaThread "SparkUI-74"                 daemon [_thread_in_native, id=19952, stack(0x000000e20ca00000,0x000000e20cb00000) (1024K)]
  0x0000029018db7520 JavaThread "SparkUI-75"                 daemon [_thread_in_native, id=1492, stack(0x000000e20cb00000,0x000000e20cc00000) (1024K)]
  0x0000029018db84c0 JavaThread "SparkUI-76"                 daemon [_thread_in_native, id=15284, stack(0x000000e20cc00000,0x000000e20cd00000) (1024K)]
  0x0000029018db8c90 JavaThread "SparkUI-77"                 daemon [_thread_in_native, id=26980, stack(0x000000e20cd00000,0x000000e20ce00000) (1024K)]
  0x0000029018db9460 JavaThread "SparkUI-78"                 daemon [_thread_in_native, id=26944, stack(0x000000e20ce00000,0x000000e20cf00000) (1024K)]
  0x0000029018db5db0 JavaThread "SparkUI-79-acceptor-0@7fb1573b-osjs.ServerConnector@7176b6bd{HTTP/1.1, (http/1.1)}{0.0.0.0:4042}" daemon [_thread_in_native, id=30580, stack(0x000000e20cf00000,0x000000e20d000000) (1024K)]
  0x0000029018cf2b30 JavaThread "dispatcher-HeartbeatReceiver" daemon [_thread_blocked, id=6696, stack(0x000000e20d000000,0x000000e20d100000) (1024K)]
  0x0000029018cf0420 JavaThread "heartbeat-receiver-event-loop-thread" daemon [_thread_blocked, id=28340, stack(0x000000e20d100000,0x000000e20d200000) (1024K)]
  0x0000029018cef480 JavaThread "netty-rpc-env-timeout"      daemon [_thread_blocked, id=18712, stack(0x000000e20d200000,0x000000e20d300000) (1024K)]
  0x0000029018cefc50 JavaThread "dag-scheduler-event-loop"   daemon [_thread_blocked, id=23348, stack(0x000000e20d300000,0x000000e20d400000) (1024K)]
  0x0000029018a9bfe0 JavaThread "driver-heartbeater"         daemon [_thread_blocked, id=1648, stack(0x000000e20d400000,0x000000e20d500000) (1024K)]
  0x0000029018a9b040 JavaThread "executor-kill-mark-cleanup" daemon [_thread_blocked, id=29764, stack(0x000000e20d500000,0x000000e20d600000) (1024K)]
  0x0000029018a9cf80 JavaThread "executor-heartbeater"       daemon [_thread_blocked, id=30384, stack(0x000000e20d600000,0x000000e20d700000) (1024K)]
  0x0000029018a9a0a0 JavaThread "files-client-5-1"           daemon [_thread_in_native, id=24892, stack(0x000000e20d700000,0x000000e20d800000) (1024K)]
  0x0000029018a9eec0 JavaThread "rpc-server-4-1"             daemon [_thread_in_native, id=28496, stack(0x000000e20d900000,0x000000e20da00000) (1024K)]
  0x0000029018a9fe60 JavaThread "shuffle-boss-7-1"           daemon [_thread_in_native, id=26504, stack(0x000000e20da00000,0x000000e20db00000) (1024K)]
  0x0000029018aa15d0 JavaThread "Spark Context Cleaner"      daemon [_thread_blocked, id=28052, stack(0x000000e20db00000,0x000000e20dc00000) (1024K)]
  0x00000290186e55b0 JavaThread "context-cleaner-periodic-gc" daemon [_thread_blocked, id=27628, stack(0x000000e20dc00000,0x000000e20dd00000) (1024K)]
  0x00000290186e7cc0 JavaThread "spark-listener-group-appStatus" daemon [_thread_blocked, id=7468, stack(0x000000e20dd00000,0x000000e20de00000) (1024K)]
  0x00000290186e5d80 JavaThread "spark-listener-group-executorManagement" daemon [_thread_blocked, id=2964, stack(0x000000e20de00000,0x000000e20df00000) (1024K)]
  0x00000290186e74f0 JavaThread "element-tracking-store-worker" daemon [_thread_blocked, id=8632, stack(0x000000e20df00000,0x000000e20e000000) (1024K)]
  0x000002901aadad80 JavaThread "task-result-getter-0"       daemon [_thread_blocked, id=28932, stack(0x000000e208a00000,0x000000e208b00000) (1024K)]
  0x00000290169acef0 JavaThread "Cleaner-0"                  daemon [_thread_blocked, id=28576, stack(0x000000e20e700000,0x000000e20e800000) (1024K)]
  0x0000029018609690 JavaThread "InnocuousThread-1"          daemon [_thread_in_native, id=15148, stack(0x000000e20f600000,0x000000e20f700000) (1024K)]
  0x000002901860bda0 JavaThread "InnocuousThread-2"          daemon [_thread_in_native, id=19472, stack(0x000000e20f700000,0x000000e20f800000) (1024K)]
  0x000002901860c570 JavaThread "InnocuousThread-3"          daemon [_thread_in_native, id=25264, stack(0x000000e20f800000,0x000000e20f900000) (1024K)]
  0x0000029018609e60 JavaThread "InnocuousThread-4"          daemon [_thread_in_native, id=17556, stack(0x000000e20f900000,0x000000e20fa00000) (1024K)]
  0x000002901860a630 JavaThread "InnocuousThread-5"          daemon [_thread_in_native, id=29604, stack(0x000000e20fa00000,0x000000e20fb00000) (1024K)]
  0x000002901860ec80 JavaThread "InnocuousThread-6"          daemon [_thread_in_native, id=11940, stack(0x000000e20fb00000,0x000000e20fc00000) (1024K)]
  0x000002901860b5d0 JavaThread "InnocuousThread-7"          daemon [_thread_in_native, id=24240, stack(0x000000e20fc00000,0x000000e20fd00000) (1024K)]
  0x00000290186103f0 JavaThread "InnocuousThread-8"          daemon [_thread_in_native, id=22376, stack(0x000000e20fd00000,0x000000e20fe00000) (1024K)]
  0x0000029018611390 JavaThread "InnocuousThread-9"          daemon [_thread_in_native, id=13116, stack(0x000000e20fe00000,0x000000e20ff00000) (1024K)]
  0x000002901860dce0 JavaThread "InnocuousThread-10"         daemon [_thread_in_native, id=16756, stack(0x000000e20ff00000,0x000000e210000000) (1024K)]
  0x000002901860e4b0 JavaThread "InnocuousThread-11"         daemon [_thread_in_native, id=14328, stack(0x000000e210000000,0x000000e210100000) (1024K)]
  0x0000029018612b00 JavaThread "InnocuousThread-12"         daemon [_thread_in_native, id=7980, stack(0x000000e210100000,0x000000e210200000) (1024K)]
  0x000002901bf3bcd0 JavaThread "InnocuousThread-13"         daemon [_thread_in_native, id=27700, stack(0x000000e210200000,0x000000e210300000) (1024K)]
  0x000002901bf3c4a0 JavaThread "InnocuousThread-14"         daemon [_thread_in_native, id=16284, stack(0x000000e210300000,0x000000e210400000) (1024K)]
  0x000002901bf3b500 JavaThread "InnocuousThread-15"         daemon [_thread_in_native, id=7552, stack(0x000000e210400000,0x000000e210500000) (1024K)]
  0x000002901bf40af0 JavaThread "task-result-getter-1"       daemon [_thread_blocked, id=8024, stack(0x000000e210500000,0x000000e210600000) (1024K)]
  0x000002901bf3dc10 JavaThread "task-result-getter-2"       daemon [_thread_blocked, id=8472, stack(0x000000e210600000,0x000000e210700000) (1024K)]
  0x000002901bf43200 JavaThread "task-result-getter-3"       daemon [_thread_blocked, id=8288, stack(0x000000e210700000,0x000000e210800000) (1024K)]
  0x000002901bf439d0 JavaThread "Cleaner-1"                  daemon [_thread_blocked, id=13552, stack(0x000000e208800000,0x000000e208900000) (1024K)]
  0x0000029018b84fc0 JavaThread "Executor task launch worker for task 0.0 in stage 5.0 (TID 32)" daemon [_thread_in_vm, id=26740, stack(0x000000e20e800000,0x000000e20e900000) (1024K)]
Total: 87

Other Threads:
  0x0000029011a0ee30 VMThread "VM Thread"                           [id=19020, stack(0x000000e209200000,0x000000e209300000) (1024K)]
  0x00000290119ff290 WatcherThread "VM Periodic Task Thread"        [id=26992, stack(0x000000e209100000,0x000000e209200000) (1024K)]
  0x00000290758ad6e0 WorkerThread "GC Thread#0"                     [id=26736, stack(0x000000e208c00000,0x000000e208d00000) (1024K)]
  0x00000290172ed7d0 WorkerThread "GC Thread#1"                     [id=4592, stack(0x000000e209d00000,0x000000e209e00000) (1024K)]
  0x00000290176138d0 WorkerThread "GC Thread#2"                     [id=19828, stack(0x000000e209e00000,0x000000e209f00000) (1024K)]
  0x0000029017614110 WorkerThread "GC Thread#3"                     [id=960, stack(0x000000e209f00000,0x000000e20a000000) (1024K)]
  0x000002901761c5a0 WorkerThread "GC Thread#4"                     [id=23756, stack(0x000000e20a000000,0x000000e20a100000) (1024K)]
  0x000002901761f960 WorkerThread "GC Thread#5"                     [id=30040, stack(0x000000e20a100000,0x000000e20a200000) (1024K)]
  0x000002901761fdb0 WorkerThread "GC Thread#6"                     [id=3712, stack(0x000000e20a200000,0x000000e20a300000) (1024K)]
  0x000002901761f0c0 WorkerThread "GC Thread#7"                     [id=12496, stack(0x000000e20a300000,0x000000e20a400000) (1024K)]
  0x000002901761db30 WorkerThread "GC Thread#8"                     [id=9884, stack(0x000000e20a400000,0x000000e20a500000) (1024K)]
  0x000002901761ce40 WorkerThread "GC Thread#9"                     [id=16836, stack(0x000000e20a500000,0x000000e20a600000) (1024K)]
  0x0000029016fef9a0 WorkerThread "GC Thread#10"                    [id=4904, stack(0x000000e20c300000,0x000000e20c400000) (1024K)]
  0x00000290758bafc0 ConcurrentGCThread "G1 Main Marker"            [id=25420, stack(0x000000e208d00000,0x000000e208e00000) (1024K)]
  0x00000290758bc830 WorkerThread "G1 Conc#0"                       [id=6764, stack(0x000000e208e00000,0x000000e208f00000) (1024K)]
  0x000002901761d6e0 WorkerThread "G1 Conc#1"                       [id=11040, stack(0x000000e20a600000,0x000000e20a700000) (1024K)]
  0x000002901761df80 WorkerThread "G1 Conc#2"                       [id=26872, stack(0x000000e20a700000,0x000000e20a800000) (1024K)]
  0x00000290118cd7f0 ConcurrentGCThread "G1 Refine#0"               [id=26712, stack(0x000000e208f00000,0x000000e209000000) (1024K)]
  0x0000029018536e60 ConcurrentGCThread "G1 Refine#1"               [id=28964, stack(0x000000e208900000,0x000000e208a00000) (1024K)]
  0x0000029018534cb0 ConcurrentGCThread "G1 Refine#2"               [id=29632, stack(0x000000e20e200000,0x000000e20e300000) (1024K)]
  0x0000029018537800 ConcurrentGCThread "G1 Refine#3"               [id=18112, stack(0x000000e20e300000,0x000000e20e400000) (1024K)]
  0x0000029018537cd0 ConcurrentGCThread "G1 Refine#4"               [id=26488, stack(0x000000e20e400000,0x000000e20e500000) (1024K)]
  0x00000290185347e0 ConcurrentGCThread "G1 Refine#5"               [id=15868, stack(0x000000e20e500000,0x000000e20e600000) (1024K)]
  0x0000029018535650 ConcurrentGCThread "G1 Refine#6"               [id=29956, stack(0x000000e20e600000,0x000000e20e700000) (1024K)]
  0x000002907590e1b0 ConcurrentGCThread "G1 Service"                [id=21960, stack(0x000000e209000000,0x000000e209100000) (1024K)]
Total: 25

Threads with active compile tasks:
C2 CompilerThread0  1239038 19612   !   4       java.net.URL::<init> (523 bytes)
Total: 1

VM state: not at safepoint (normal execution)

VM Mutex/Monitor currently owned by a thread: None

Heap address: 0x00000000c0000000, size: 1024 MB, Compressed Oops mode: 32-bit

CDS archive(s) mapped at: [0x000000002d000000-0x000000002ddb0000-0x000000002ddb0000), size 14352384, SharedBaseAddress: 0x000000002d000000, ArchiveRelocationMode: 1.
Compressed class space mapped at: 0x000000002e000000-0x000000006e000000, reserved size: 1073741824
UseCompressedClassPointers 1, UseCompactObjectHeaders 0
Narrow klass pointer bits 32, Max shift 3
Narrow klass base: 0x000000002d000000, Narrow klass shift: 0
Encoding Range: [0x000000002d000000 - 0x000000012d000000), (4294967296 bytes)
Klass Range:    [0x000000002d010000 - 0x000000006e000000), (1090453504 bytes)
Klass ID Range:  [65536 - 1090519033) (1090453497)
Protection zone: [0x000000002d000000 - 0x000000002d010000), (65536 bytes)

GC Precious Log:
 CardTable entry size: 512
 Card Set container configuration: InlinePtr #cards 5 size 8 Array Of Cards #cards 10 size 36 Howl #buckets 4 coarsen threshold 1843 Howl Bitmap #cards 512 size 80 coarsen threshold 460 Card regions per heap region 1 cards per card region 2048
 CPUs: 14 total, 14 available
 Memory: 7644M
 Large Page Support: Disabled
 NUMA Support: Disabled
 Compressed Oops: Enabled (32-bit)
 Heap Region Size: 1M
 Heap Min Capacity: 8M
 Heap Initial Capacity: 120M
 Heap Max Capacity: 1G
 Pre-touch: Disabled
 Parallel Workers: 11
 Concurrent Workers: 3
 Concurrent Refinement Workers: 11
 Periodic GC: Disabled

Heap:
 garbage-first heap   total reserved 1048576K, committed 331776K, used 224569K [0x00000000c0000000, 0x0000000100000000)
  region size 1024K, 129 young (132096K), 3 survivors (3072K)

Heap Regions: E=young(eden), S=young(survivor), O=old, HS=humongous(starts), HC=humongous(continues), CS=collection set, F=free, TAMS=top-at-mark-start, PB=parsable bottom
|   0|0x00000000c0000000, 0x00000000c0100000, 0x00000000c0100000|100%|HS|  |TAMS 0x00000000c0000000| PB 0x00000000c0000000| Complete |  0
|   1|0x00000000c0100000, 0x00000000c0200000, 0x00000000c0200000|100%|HS|  |TAMS 0x00000000c0100000| PB 0x00000000c0100000| Complete |  0
|   2|0x00000000c0200000, 0x00000000c0300000, 0x00000000c0300000|100%|HC|  |TAMS 0x00000000c0200000| PB 0x00000000c0200000| Complete |  0
|   3|0x00000000c0300000, 0x00000000c0400000, 0x00000000c0400000|100%|HS|  |TAMS 0x00000000c0300000| PB 0x00000000c0300000| Complete |  0
|   4|0x00000000c0400000, 0x00000000c0500000, 0x00000000c0500000|100%|HC|  |TAMS 0x00000000c0400000| PB 0x00000000c0400000| Complete |  0
|   5|0x00000000c0500000, 0x00000000c0600000, 0x00000000c0600000|100%|HC|  |TAMS 0x00000000c0500000| PB 0x00000000c0500000| Complete |  0
|   6|0x00000000c0600000, 0x00000000c0700000, 0x00000000c0700000|100%|HS|  |TAMS 0x00000000c0600000| PB 0x00000000c0600000| Complete |  0
|   7|0x00000000c0700000, 0x00000000c0800000, 0x00000000c0800000|100%|HS|  |TAMS 0x00000000c0700000| PB 0x00000000c0700000| Complete |  0
|   8|0x00000000c0800000, 0x00000000c0900000, 0x00000000c0900000|100%|HS|  |TAMS 0x00000000c0800000| PB 0x00000000c0800000| Complete |  0
|   9|0x00000000c0900000, 0x00000000c0a00000, 0x00000000c0a00000|100%|HS|  |TAMS 0x00000000c0900000| PB 0x00000000c0900000| Complete |  0
|  10|0x00000000c0a00000, 0x00000000c0b00000, 0x00000000c0b00000|100%|HS|  |TAMS 0x00000000c0a00000| PB 0x00000000c0a00000| Complete |  0
|  11|0x00000000c0b00000, 0x00000000c0c00000, 0x00000000c0c00000|100%|HS|  |TAMS 0x00000000c0b00000| PB 0x00000000c0b00000| Complete |  0
|  12|0x00000000c0c00000, 0x00000000c0d00000, 0x00000000c0d00000|100%|HS|  |TAMS 0x00000000c0c00000| PB 0x00000000c0c00000| Complete |  0
|  13|0x00000000c0d00000, 0x00000000c0e00000, 0x00000000c0e00000|100%| O|  |TAMS 0x00000000c0d00000| PB 0x00000000c0d00000| Untracked |  0
|  14|0x00000000c0e00000, 0x00000000c0efffe8, 0x00000000c0f00000| 99%| O|  |TAMS 0x00000000c0e00000| PB 0x00000000c0e00000| Untracked |  0
|  15|0x00000000c0f00000, 0x00000000c1000000, 0x00000000c1000000|100%| O|  |TAMS 0x00000000c0f00000| PB 0x00000000c0f00000| Untracked |  0
|  16|0x00000000c1000000, 0x00000000c10fffc8, 0x00000000c1100000| 99%| O|  |TAMS 0x00000000c1000000| PB 0x00000000c1000000| Untracked |  0
|  17|0x00000000c1100000, 0x00000000c1200000, 0x00000000c1200000|100%| O|  |TAMS 0x00000000c1100000| PB 0x00000000c1100000| Untracked |  0
|  18|0x00000000c1200000, 0x00000000c1300000, 0x00000000c1300000|100%| O|  |TAMS 0x00000000c1200000| PB 0x00000000c1200000| Untracked |  0
|  19|0x00000000c1300000, 0x00000000c13ffff8, 0x00000000c1400000| 99%| O|  |TAMS 0x00000000c1300000| PB 0x00000000c1300000| Untracked |  0
|  20|0x00000000c1400000, 0x00000000c14fffd8, 0x00000000c1500000| 99%| O|  |TAMS 0x00000000c1400000| PB 0x00000000c1400000| Untracked |  0
|  21|0x00000000c1500000, 0x00000000c15ffff8, 0x00000000c1600000| 99%| O|  |TAMS 0x00000000c1500000| PB 0x00000000c1500000| Untracked |  0
|  22|0x00000000c1600000, 0x00000000c16fffd8, 0x00000000c1700000| 99%| O|  |TAMS 0x00000000c1600000| PB 0x00000000c1600000| Untracked |  0
|  23|0x00000000c1700000, 0x00000000c1800000, 0x00000000c1800000|100%| O|  |TAMS 0x00000000c1700000| PB 0x00000000c1700000| Untracked |  0
|  24|0x00000000c1800000, 0x00000000c1900000, 0x00000000c1900000|100%| O|  |TAMS 0x00000000c1800000| PB 0x00000000c1800000| Untracked |  0
|  25|0x00000000c1900000, 0x00000000c1a00000, 0x00000000c1a00000|100%| O|  |TAMS 0x00000000c1900000| PB 0x00000000c1900000| Untracked |  0
|  26|0x00000000c1a00000, 0x00000000c1b00000, 0x00000000c1b00000|100%| O|  |TAMS 0x00000000c1a00000| PB 0x00000000c1a00000| Untracked |  0
|  27|0x00000000c1b00000, 0x00000000c1bffff8, 0x00000000c1c00000| 99%| O|  |TAMS 0x00000000c1b00000| PB 0x00000000c1b00000| Untracked |  0
|  28|0x00000000c1c00000, 0x00000000c1cffff0, 0x00000000c1d00000| 99%| O|  |TAMS 0x00000000c1c00000| PB 0x00000000c1c00000| Untracked |  0
|  29|0x00000000c1d00000, 0x00000000c1dfffe8, 0x00000000c1e00000| 99%| O|  |TAMS 0x00000000c1d00000| PB 0x00000000c1d00000| Untracked |  0
|  30|0x00000000c1e00000, 0x00000000c1eff968, 0x00000000c1f00000| 99%| O|  |TAMS 0x00000000c1e00000| PB 0x00000000c1e00000| Untracked |  0
|  31|0x00000000c1f00000, 0x00000000c1ffc510, 0x00000000c2000000| 98%| O|  |TAMS 0x00000000c1f00000| PB 0x00000000c1f00000| Untracked |  0
|  32|0x00000000c2000000, 0x00000000c20ffff8, 0x00000000c2100000| 99%| O|  |TAMS 0x00000000c2000000| PB 0x00000000c2000000| Untracked |  0
|  33|0x00000000c2100000, 0x00000000c2200000, 0x00000000c2200000|100%| O|  |TAMS 0x00000000c2100000| PB 0x00000000c2100000| Untracked |  0
|  34|0x00000000c2200000, 0x00000000c2300000, 0x00000000c2300000|100%|HS|  |TAMS 0x00000000c2200000| PB 0x00000000c2200000| Complete |  0
|  35|0x00000000c2300000, 0x00000000c23fffe0, 0x00000000c2400000| 99%| O|  |TAMS 0x00000000c2300000| PB 0x00000000c2300000| Untracked |  0
|  36|0x00000000c2400000, 0x00000000c24f9898, 0x00000000c2500000| 97%| O|  |TAMS 0x00000000c2400000| PB 0x00000000c2400000| Untracked |  0
|  37|0x00000000c2500000, 0x00000000c2600000, 0x00000000c2600000|100%| O|  |TAMS 0x00000000c2500000| PB 0x00000000c2500000| Untracked |  0
|  38|0x00000000c2600000, 0x00000000c2700000, 0x00000000c2700000|100%| O|  |TAMS 0x00000000c2600000| PB 0x00000000c2600000| Untracked |  0
|  39|0x00000000c2700000, 0x00000000c27e07d0, 0x00000000c2800000| 87%| O|  |TAMS 0x00000000c2700000| PB 0x00000000c2700000| Untracked |  0
|  40|0x00000000c2800000, 0x00000000c28ffff0, 0x00000000c2900000| 99%| O|  |TAMS 0x00000000c2800000| PB 0x00000000c2800000| Untracked |  0
|  41|0x00000000c2900000, 0x00000000c29ffff0, 0x00000000c2a00000| 99%| O|  |TAMS 0x00000000c2900000| PB 0x00000000c2900000| Untracked |  0
|  42|0x00000000c2a00000, 0x00000000c2afc9c8, 0x00000000c2b00000| 98%| O|  |TAMS 0x00000000c2a00000| PB 0x00000000c2a00000| Untracked |  0
|  43|0x00000000c2b00000, 0x00000000c2c00000, 0x00000000c2c00000|100%| O|  |TAMS 0x00000000c2b00000| PB 0x00000000c2b00000| Untracked |  0
|  44|0x00000000c2c00000, 0x00000000c2d00000, 0x00000000c2d00000|100%| O|  |TAMS 0x00000000c2c00000| PB 0x00000000c2c00000| Untracked |  0
|  45|0x00000000c2d00000, 0x00000000c2e00000, 0x00000000c2e00000|100%| O|  |TAMS 0x00000000c2d00000| PB 0x00000000c2d00000| Untracked |  0
|  46|0x00000000c2e00000, 0x00000000c2efffa8, 0x00000000c2f00000| 99%| O|  |TAMS 0x00000000c2e00000| PB 0x00000000c2e00000| Untracked |  0
|  47|0x00000000c2f00000, 0x00000000c2fffff8, 0x00000000c3000000| 99%| O|  |TAMS 0x00000000c2f00000| PB 0x00000000c2f00000| Untracked |  0
|  48|0x00000000c3000000, 0x00000000c30f8f60, 0x00000000c3100000| 97%| O|  |TAMS 0x00000000c3000000| PB 0x00000000c3000000| Untracked |  0
|  49|0x00000000c3100000, 0x00000000c3200000, 0x00000000c3200000|100%| O|  |TAMS 0x00000000c3100000| PB 0x00000000c3100000| Untracked |  0
|  50|0x00000000c3200000, 0x00000000c3300000, 0x00000000c3300000|100%| O|  |TAMS 0x00000000c3200000| PB 0x00000000c3200000| Untracked |  0
|  51|0x00000000c3300000, 0x00000000c3400000, 0x00000000c3400000|100%| O|Cm|TAMS 0x00000000c3300000| PB 0x00000000c3300000| Complete |  0
|  52|0x00000000c3400000, 0x00000000c34ffff8, 0x00000000c3500000| 99%| O|  |TAMS 0x00000000c3400000| PB 0x00000000c3400000| Untracked |  0
|  53|0x00000000c3500000, 0x00000000c3600000, 0x00000000c3600000|100%|HS|  |TAMS 0x00000000c3500000| PB 0x00000000c3500000| Complete |  0
|  54|0x00000000c3600000, 0x00000000c3700000, 0x00000000c3700000|100%| O|  |TAMS 0x00000000c3600000| PB 0x00000000c3600000| Untracked |  0
|  55|0x00000000c3700000, 0x00000000c37fcbe8, 0x00000000c3800000| 98%| O|  |TAMS 0x00000000c3700000| PB 0x00000000c3700000| Untracked |  0
|  56|0x00000000c3800000, 0x00000000c38fffe8, 0x00000000c3900000| 99%| O|  |TAMS 0x00000000c3800000| PB 0x00000000c3800000| Untracked |  0
|  57|0x00000000c3900000, 0x00000000c39fffd8, 0x00000000c3a00000| 99%| O|  |TAMS 0x00000000c3900000| PB 0x00000000c3900000| Untracked |  0
|  58|0x00000000c3a00000, 0x00000000c3afc090, 0x00000000c3b00000| 98%| O|  |TAMS 0x00000000c3a00000| PB 0x00000000c3a00000| Untracked |  0
|  59|0x00000000c3b00000, 0x00000000c3bffff0, 0x00000000c3c00000| 99%| O|  |TAMS 0x00000000c3b00000| PB 0x00000000c3b00000| Untracked |  0
|  60|0x00000000c3c00000, 0x00000000c3cff9d8, 0x00000000c3d00000| 99%| O|  |TAMS 0x00000000c3c00000| PB 0x00000000c3c00000| Untracked |  0
|  61|0x00000000c3d00000, 0x00000000c3d13358, 0x00000000c3e00000|  7%| O|  |TAMS 0x00000000c3d00000| PB 0x00000000c3d00000| Untracked |  0
|  62|0x00000000c3e00000, 0x00000000c3e2f508, 0x00000000c3f00000| 18%| O|Cm|TAMS 0x00000000c3e00000| PB 0x00000000c3e00000| Complete |  0
|  63|0x00000000c3f00000, 0x00000000c3f00000, 0x00000000c4000000|  0%| F|  |TAMS 0x00000000c3f00000| PB 0x00000000c3f00000| Untracked |  0
|  64|0x00000000c4000000, 0x00000000c40fffe8, 0x00000000c4100000| 99%| O|Cm|TAMS 0x00000000c4000000| PB 0x00000000c4000000| Complete |  0
|  65|0x00000000c4100000, 0x00000000c4100000, 0x00000000c4200000|  0%| F|  |TAMS 0x00000000c4100000| PB 0x00000000c4100000| Untracked |  0
|  66|0x00000000c4200000, 0x00000000c4200000, 0x00000000c4300000|  0%| F|  |TAMS 0x00000000c4200000| PB 0x00000000c4200000| Untracked |  0
|  67|0x00000000c4300000, 0x00000000c4400000, 0x00000000c4400000|100%| O|  |TAMS 0x00000000c4300000| PB 0x00000000c4300000| Untracked |  0
|  68|0x00000000c4400000, 0x00000000c4400000, 0x00000000c4500000|  0%| F|  |TAMS 0x00000000c4400000| PB 0x00000000c4400000| Untracked |  0
|  69|0x00000000c4500000, 0x00000000c4500000, 0x00000000c4600000|  0%| F|  |TAMS 0x00000000c4500000| PB 0x00000000c4500000| Untracked |  0
|  70|0x00000000c4600000, 0x00000000c46e45a0, 0x00000000c4700000| 89%| O|  |TAMS 0x00000000c4600000| PB 0x00000000c4600000| Untracked |  0
|  71|0x00000000c4700000, 0x00000000c4700000, 0x00000000c4800000|  0%| F|  |TAMS 0x00000000c4700000| PB 0x00000000c4700000| Untracked |  0
|  72|0x00000000c4800000, 0x00000000c4900000, 0x00000000c4900000|100%| O|  |TAMS 0x00000000c4800000| PB 0x00000000c4800000| Untracked |  0
|  73|0x00000000c4900000, 0x00000000c4a00000, 0x00000000c4a00000|100%| O|Cm|TAMS 0x00000000c4900000| PB 0x00000000c4900000| Complete |  0
|  74|0x00000000c4a00000, 0x00000000c4a00000, 0x00000000c4b00000|  0%| F|  |TAMS 0x00000000c4a00000| PB 0x00000000c4a00000| Untracked |  0
|  75|0x00000000c4b00000, 0x00000000c4bffff0, 0x00000000c4c00000| 99%| O|Cm|TAMS 0x00000000c4b00000| PB 0x00000000c4b00000| Complete |  0
|  76|0x00000000c4c00000, 0x00000000c4c00000, 0x00000000c4d00000|  0%| F|  |TAMS 0x00000000c4c00000| PB 0x00000000c4c00000| Untracked |  0
|  77|0x00000000c4d00000, 0x00000000c4d00000, 0x00000000c4e00000|  0%| F|  |TAMS 0x00000000c4d00000| PB 0x00000000c4d00000| Untracked |  0
|  78|0x00000000c4e00000, 0x00000000c4e00000, 0x00000000c4f00000|  0%| F|  |TAMS 0x00000000c4e00000| PB 0x00000000c4e00000| Untracked |  0
|  79|0x00000000c4f00000, 0x00000000c4f00000, 0x00000000c5000000|  0%| F|  |TAMS 0x00000000c4f00000| PB 0x00000000c4f00000| Untracked |  0
|  80|0x00000000c5000000, 0x00000000c5000000, 0x00000000c5100000|  0%| F|  |TAMS 0x00000000c5000000| PB 0x00000000c5000000| Untracked |  0
|  81|0x00000000c5100000, 0x00000000c5100000, 0x00000000c5200000|  0%| F|  |TAMS 0x00000000c5100000| PB 0x00000000c5100000| Untracked |  0
|  82|0x00000000c5200000, 0x00000000c52ffb50, 0x00000000c5300000| 99%| O|  |TAMS 0x00000000c5200000| PB 0x00000000c5200000| Untracked |  0
|  83|0x00000000c5300000, 0x00000000c5300000, 0x00000000c5400000|  0%| F|  |TAMS 0x00000000c5300000| PB 0x00000000c5300000| Untracked |  0
|  84|0x00000000c5400000, 0x00000000c5400000, 0x00000000c5500000|  0%| F|  |TAMS 0x00000000c5400000| PB 0x00000000c5400000| Untracked |  0
|  85|0x00000000c5500000, 0x00000000c5500000, 0x00000000c5600000|  0%| F|  |TAMS 0x00000000c5500000| PB 0x00000000c5500000| Untracked |  0
|  86|0x00000000c5600000, 0x00000000c5600000, 0x00000000c5700000|  0%| F|  |TAMS 0x00000000c5600000| PB 0x00000000c5600000| Untracked |  0
|  87|0x00000000c5700000, 0x00000000c5700000, 0x00000000c5800000|  0%| F|  |TAMS 0x00000000c5700000| PB 0x00000000c5700000| Untracked |  0
|  88|0x00000000c5800000, 0x00000000c5800000, 0x00000000c5900000|  0%| F|  |TAMS 0x00000000c5800000| PB 0x00000000c5800000| Untracked |  0
|  89|0x00000000c5900000, 0x00000000c5900000, 0x00000000c5a00000|  0%| F|  |TAMS 0x00000000c5900000| PB 0x00000000c5900000| Untracked |  0
|  90|0x00000000c5a00000, 0x00000000c5a00000, 0x00000000c5b00000|  0%| F|  |TAMS 0x00000000c5a00000| PB 0x00000000c5a00000| Untracked |  0
|  91|0x00000000c5b00000, 0x00000000c5c00000, 0x00000000c5c00000|100%| O|Cm|TAMS 0x00000000c5b00000| PB 0x00000000c5b00000| Complete |  0
|  92|0x00000000c5c00000, 0x00000000c5c00000, 0x00000000c5d00000|  0%| F|  |TAMS 0x00000000c5c00000| PB 0x00000000c5c00000| Untracked |  0
|  93|0x00000000c5d00000, 0x00000000c5e00000, 0x00000000c5e00000|100%| O|Cm|TAMS 0x00000000c5d00000| PB 0x00000000c5d00000| Complete |  0
|  94|0x00000000c5e00000, 0x00000000c5e00000, 0x00000000c5f00000|  0%| F|  |TAMS 0x00000000c5e00000| PB 0x00000000c5e00000| Untracked |  0
|  95|0x00000000c5f00000, 0x00000000c5f00000, 0x00000000c6000000|  0%| F|  |TAMS 0x00000000c5f00000| PB 0x00000000c5f00000| Untracked |  0
|  96|0x00000000c6000000, 0x00000000c6000000, 0x00000000c6100000|  0%| F|  |TAMS 0x00000000c6000000| PB 0x00000000c6000000| Untracked |  0
|  97|0x00000000c6100000, 0x00000000c6100000, 0x00000000c6200000|  0%| F|  |TAMS 0x00000000c6100000| PB 0x00000000c6100000| Untracked |  0
|  98|0x00000000c6200000, 0x00000000c6200000, 0x00000000c6300000|  0%| F|  |TAMS 0x00000000c6200000| PB 0x00000000c6200000| Untracked |  0
|  99|0x00000000c6300000, 0x00000000c6300000, 0x00000000c6400000|  0%| F|  |TAMS 0x00000000c6300000| PB 0x00000000c6300000| Untracked |  0
| 100|0x00000000c6400000, 0x00000000c6400000, 0x00000000c6500000|  0%| F|  |TAMS 0x00000000c6400000| PB 0x00000000c6400000| Untracked |  0
| 101|0x00000000c6500000, 0x00000000c6500000, 0x00000000c6600000|  0%| F|  |TAMS 0x00000000c6500000| PB 0x00000000c6500000| Untracked |  0
| 102|0x00000000c6600000, 0x00000000c6600000, 0x00000000c6700000|  0%| F|  |TAMS 0x00000000c6600000| PB 0x00000000c6600000| Untracked |  0
| 103|0x00000000c6700000, 0x00000000c6700000, 0x00000000c6800000|  0%| F|  |TAMS 0x00000000c6700000| PB 0x00000000c6700000| Untracked |  0
| 104|0x00000000c6800000, 0x00000000c6800000, 0x00000000c6900000|  0%| F|  |TAMS 0x00000000c6800000| PB 0x00000000c6800000| Untracked |  0
| 105|0x00000000c6900000, 0x00000000c6900000, 0x00000000c6a00000|  0%| F|  |TAMS 0x00000000c6900000| PB 0x00000000c6900000| Untracked |  0
| 106|0x00000000c6a00000, 0x00000000c6a00000, 0x00000000c6b00000|  0%| F|  |TAMS 0x00000000c6a00000| PB 0x00000000c6a00000| Untracked |  0
| 107|0x00000000c6b00000, 0x00000000c6b00000, 0x00000000c6c00000|  0%| F|  |TAMS 0x00000000c6b00000| PB 0x00000000c6b00000| Untracked |  0
| 108|0x00000000c6c00000, 0x00000000c6c00000, 0x00000000c6d00000|  0%| F|  |TAMS 0x00000000c6c00000| PB 0x00000000c6c00000| Untracked |  0
| 109|0x00000000c6d00000, 0x00000000c6d00000, 0x00000000c6e00000|  0%| F|  |TAMS 0x00000000c6d00000| PB 0x00000000c6d00000| Untracked |  0
| 110|0x00000000c6e00000, 0x00000000c6e00000, 0x00000000c6f00000|  0%| F|  |TAMS 0x00000000c6e00000| PB 0x00000000c6e00000| Untracked |  0
| 111|0x00000000c6f00000, 0x00000000c6f00000, 0x00000000c7000000|  0%| F|  |TAMS 0x00000000c6f00000| PB 0x00000000c6f00000| Untracked |  0
| 112|0x00000000c7000000, 0x00000000c7000000, 0x00000000c7100000|  0%| F|  |TAMS 0x00000000c7000000| PB 0x00000000c7000000| Untracked |  0
| 113|0x00000000c7100000, 0x00000000c71ffff8, 0x00000000c7200000| 99%| O|Cm|TAMS 0x00000000c7100000| PB 0x00000000c7100000| Complete |  0
| 114|0x00000000c7200000, 0x00000000c7200000, 0x00000000c7300000|  0%| F|  |TAMS 0x00000000c7200000| PB 0x00000000c7200000| Untracked |  0
| 115|0x00000000c7300000, 0x00000000c7300000, 0x00000000c7400000|  0%| F|  |TAMS 0x00000000c7300000| PB 0x00000000c7300000| Untracked |  0
| 116|0x00000000c7400000, 0x00000000c7400000, 0x00000000c7500000|  0%| F|  |TAMS 0x00000000c7400000| PB 0x00000000c7400000| Untracked |  0
| 117|0x00000000c7500000, 0x00000000c7500000, 0x00000000c7600000|  0%| F|  |TAMS 0x00000000c7500000| PB 0x00000000c7500000| Untracked |  0
| 118|0x00000000c7600000, 0x00000000c7600000, 0x00000000c7700000|  0%| F|  |TAMS 0x00000000c7600000| PB 0x00000000c7600000| Untracked |  0
| 119|0x00000000c7700000, 0x00000000c7700000, 0x00000000c7800000|  0%| F|  |TAMS 0x00000000c7700000| PB 0x00000000c7700000| Untracked |  0
| 120|0x00000000c7800000, 0x00000000c7800000, 0x00000000c7900000|  0%| F|  |TAMS 0x00000000c7800000| PB 0x00000000c7800000| Untracked |  0
| 121|0x00000000c7900000, 0x00000000c7900000, 0x00000000c7a00000|  0%| F|  |TAMS 0x00000000c7900000| PB 0x00000000c7900000| Untracked |  0
| 122|0x00000000c7a00000, 0x00000000c7a00000, 0x00000000c7b00000|  0%| F|  |TAMS 0x00000000c7a00000| PB 0x00000000c7a00000| Untracked |  0
| 123|0x00000000c7b00000, 0x00000000c7b00000, 0x00000000c7c00000|  0%| F|  |TAMS 0x00000000c7b00000| PB 0x00000000c7b00000| Untracked |  0
| 124|0x00000000c7c00000, 0x00000000c7c00000, 0x00000000c7d00000|  0%| F|  |TAMS 0x00000000c7c00000| PB 0x00000000c7c00000| Untracked |  0
| 125|0x00000000c7d00000, 0x00000000c7d00000, 0x00000000c7e00000|  0%| F|  |TAMS 0x00000000c7d00000| PB 0x00000000c7d00000| Untracked |  0
| 126|0x00000000c7e00000, 0x00000000c7e00000, 0x00000000c7f00000|  0%| F|  |TAMS 0x00000000c7e00000| PB 0x00000000c7e00000| Untracked |  0
| 127|0x00000000c7f00000, 0x00000000c7f00000, 0x00000000c8000000|  0%| F|  |TAMS 0x00000000c7f00000| PB 0x00000000c7f00000| Untracked |  0
| 128|0x00000000c8000000, 0x00000000c8000000, 0x00000000c8100000|  0%| F|  |TAMS 0x00000000c8000000| PB 0x00000000c8000000| Untracked |  0
| 129|0x00000000c8100000, 0x00000000c8100000, 0x00000000c8200000|  0%| F|  |TAMS 0x00000000c8100000| PB 0x00000000c8100000| Untracked |  0
| 130|0x00000000c8200000, 0x00000000c8200000, 0x00000000c8300000|  0%| F|  |TAMS 0x00000000c8200000| PB 0x00000000c8200000| Untracked |  0
| 131|0x00000000c8300000, 0x00000000c8300000, 0x00000000c8400000|  0%| F|  |TAMS 0x00000000c8300000| PB 0x00000000c8300000| Untracked |  0
| 132|0x00000000c8400000, 0x00000000c8400000, 0x00000000c8500000|  0%| F|  |TAMS 0x00000000c8400000| PB 0x00000000c8400000| Untracked |  0
| 133|0x00000000c8500000, 0x00000000c8500000, 0x00000000c8600000|  0%| F|  |TAMS 0x00000000c8500000| PB 0x00000000c8500000| Untracked |  0
| 134|0x00000000c8600000, 0x00000000c8600000, 0x00000000c8700000|  0%| F|  |TAMS 0x00000000c8600000| PB 0x00000000c8600000| Untracked |  0
| 135|0x00000000c8700000, 0x00000000c8700000, 0x00000000c8800000|  0%| F|  |TAMS 0x00000000c8700000| PB 0x00000000c8700000| Untracked |  0
| 136|0x00000000c8800000, 0x00000000c8800000, 0x00000000c8900000|  0%| F|  |TAMS 0x00000000c8800000| PB 0x00000000c8800000| Untracked |  0
| 137|0x00000000c8900000, 0x00000000c8900000, 0x00000000c8a00000|  0%| F|  |TAMS 0x00000000c8900000| PB 0x00000000c8900000| Untracked |  0
| 138|0x00000000c8a00000, 0x00000000c8a00000, 0x00000000c8b00000|  0%| F|  |TAMS 0x00000000c8a00000| PB 0x00000000c8a00000| Untracked |  0
| 139|0x00000000c8b00000, 0x00000000c8b00000, 0x00000000c8c00000|  0%| F|  |TAMS 0x00000000c8b00000| PB 0x00000000c8b00000| Untracked |  0
| 140|0x00000000c8c00000, 0x00000000c8c00000, 0x00000000c8d00000|  0%| F|  |TAMS 0x00000000c8c00000| PB 0x00000000c8c00000| Untracked |  0
| 141|0x00000000c8d00000, 0x00000000c8d00000, 0x00000000c8e00000|  0%| F|  |TAMS 0x00000000c8d00000| PB 0x00000000c8d00000| Untracked |  0
| 142|0x00000000c8e00000, 0x00000000c8e00000, 0x00000000c8f00000|  0%| F|  |TAMS 0x00000000c8e00000| PB 0x00000000c8e00000| Untracked |  0
| 143|0x00000000c8f00000, 0x00000000c8f9ab60, 0x00000000c9000000| 60%| S|CS|TAMS 0x00000000c8f00000| PB 0x00000000c8f00000| Complete |  0
| 144|0x00000000c9000000, 0x00000000c9100000, 0x00000000c9100000|100%| S|CS|TAMS 0x00000000c9000000| PB 0x00000000c9000000| Complete |  0
| 145|0x00000000c9100000, 0x00000000c9200000, 0x00000000c9200000|100%| S|CS|TAMS 0x00000000c9100000| PB 0x00000000c9100000| Complete |  0
| 146|0x00000000c9200000, 0x00000000c9200000, 0x00000000c9300000|  0%| F|  |TAMS 0x00000000c9200000| PB 0x00000000c9200000| Untracked |  0
| 147|0x00000000c9300000, 0x00000000c9300000, 0x00000000c9400000|  0%| F|  |TAMS 0x00000000c9300000| PB 0x00000000c9300000| Untracked |  0
| 148|0x00000000c9400000, 0x00000000c9400000, 0x00000000c9500000|  0%| F|  |TAMS 0x00000000c9400000| PB 0x00000000c9400000| Untracked |  0
| 149|0x00000000c9500000, 0x00000000c9500000, 0x00000000c9600000|  0%| F|  |TAMS 0x00000000c9500000| PB 0x00000000c9500000| Untracked |  0
| 150|0x00000000c9600000, 0x00000000c9600000, 0x00000000c9700000|  0%| F|  |TAMS 0x00000000c9600000| PB 0x00000000c9600000| Untracked |  0
| 151|0x00000000c9700000, 0x00000000c9700000, 0x00000000c9800000|  0%| F|  |TAMS 0x00000000c9700000| PB 0x00000000c9700000| Untracked |  0
| 152|0x00000000c9800000, 0x00000000c9900000, 0x00000000c9900000|100%| O|  |TAMS 0x00000000c9800000| PB 0x00000000c9800000| Untracked |  0
| 153|0x00000000c9900000, 0x00000000c9a00000, 0x00000000c9a00000|100%| O|  |TAMS 0x00000000c9900000| PB 0x00000000c9900000| Untracked |  0
| 154|0x00000000c9a00000, 0x00000000c9a00000, 0x00000000c9b00000|  0%| F|  |TAMS 0x00000000c9a00000| PB 0x00000000c9a00000| Untracked |  0
| 155|0x00000000c9b00000, 0x00000000c9b00000, 0x00000000c9c00000|  0%| F|  |TAMS 0x00000000c9b00000| PB 0x00000000c9b00000| Untracked |  0
| 156|0x00000000c9c00000, 0x00000000c9c00000, 0x00000000c9d00000|  0%| F|  |TAMS 0x00000000c9c00000| PB 0x00000000c9c00000| Untracked |  0
| 157|0x00000000c9d00000, 0x00000000c9d00000, 0x00000000c9e00000|  0%| F|  |TAMS 0x00000000c9d00000| PB 0x00000000c9d00000| Untracked |  0
| 158|0x00000000c9e00000, 0x00000000c9e00000, 0x00000000c9f00000|  0%| F|  |TAMS 0x00000000c9e00000| PB 0x00000000c9e00000| Untracked |  0
| 159|0x00000000c9f00000, 0x00000000c9f00000, 0x00000000ca000000|  0%| F|  |TAMS 0x00000000c9f00000| PB 0x00000000c9f00000| Untracked |  0
| 160|0x00000000ca000000, 0x00000000ca100000, 0x00000000ca100000|100%| O|  |TAMS 0x00000000ca000000| PB 0x00000000ca000000| Untracked |  0
| 161|0x00000000ca100000, 0x00000000ca100000, 0x00000000ca200000|  0%| F|  |TAMS 0x00000000ca100000| PB 0x00000000ca100000| Untracked |  0
| 162|0x00000000ca200000, 0x00000000ca200000, 0x00000000ca300000|  0%| F|  |TAMS 0x00000000ca200000| PB 0x00000000ca200000| Untracked |  0
| 163|0x00000000ca300000, 0x00000000ca300000, 0x00000000ca400000|  0%| F|  |TAMS 0x00000000ca300000| PB 0x00000000ca300000| Untracked |  0
| 164|0x00000000ca400000, 0x00000000ca400000, 0x00000000ca500000|  0%| F|  |TAMS 0x00000000ca400000| PB 0x00000000ca400000| Untracked |  0
| 165|0x00000000ca500000, 0x00000000ca500000, 0x00000000ca600000|  0%| F|  |TAMS 0x00000000ca500000| PB 0x00000000ca500000| Untracked |  0
| 166|0x00000000ca600000, 0x00000000ca600000, 0x00000000ca700000|  0%| F|  |TAMS 0x00000000ca600000| PB 0x00000000ca600000| Untracked |  0
| 167|0x00000000ca700000, 0x00000000ca700000, 0x00000000ca800000|  0%| F|  |TAMS 0x00000000ca700000| PB 0x00000000ca700000| Untracked |  0
| 168|0x00000000ca800000, 0x00000000ca8dbd00, 0x00000000ca900000| 85%| O|Cm|TAMS 0x00000000ca800000| PB 0x00000000ca800000| Complete |  0
| 169|0x00000000ca900000, 0x00000000ca900000, 0x00000000caa00000|  0%| F|  |TAMS 0x00000000ca900000| PB 0x00000000ca900000| Untracked |  0
| 170|0x00000000caa00000, 0x00000000cab00000, 0x00000000cab00000|100%| O|  |TAMS 0x00000000caa00000| PB 0x00000000caa00000| Untracked |  0
| 171|0x00000000cab00000, 0x00000000cab00000, 0x00000000cac00000|  0%| F|  |TAMS 0x00000000cab00000| PB 0x00000000cab00000| Untracked |  0
| 172|0x00000000cac00000, 0x00000000cad00000, 0x00000000cad00000|100%| O|  |TAMS 0x00000000cac00000| PB 0x00000000cac00000| Untracked |  0
| 173|0x00000000cad00000, 0x00000000cad00000, 0x00000000cae00000|  0%| F|  |TAMS 0x00000000cad00000| PB 0x00000000cad00000| Untracked |  0
| 174|0x00000000cae00000, 0x00000000cae00000, 0x00000000caf00000|  0%| F|  |TAMS 0x00000000cae00000| PB 0x00000000cae00000| Untracked |  0
| 175|0x00000000caf00000, 0x00000000cafffff8, 0x00000000cb000000| 99%| O|  |TAMS 0x00000000caf00000| PB 0x00000000caf00000| Untracked |  0
| 176|0x00000000cb000000, 0x00000000cb100000, 0x00000000cb100000|100%| O|  |TAMS 0x00000000cb000000| PB 0x00000000cb000000| Untracked |  0
| 177|0x00000000cb100000, 0x00000000cb100000, 0x00000000cb200000|  0%| F|  |TAMS 0x00000000cb100000| PB 0x00000000cb100000| Untracked |  0
| 178|0x00000000cb200000, 0x00000000cb200000, 0x00000000cb300000|  0%| F|  |TAMS 0x00000000cb200000| PB 0x00000000cb200000| Untracked |  0
| 179|0x00000000cb300000, 0x00000000cb3ffff0, 0x00000000cb400000| 99%| O|Cm|TAMS 0x00000000cb300000| PB 0x00000000cb300000| Complete |  0
| 180|0x00000000cb400000, 0x00000000cb500000, 0x00000000cb500000|100%| O|  |TAMS 0x00000000cb400000| PB 0x00000000cb400000| Untracked |  0
| 181|0x00000000cb500000, 0x00000000cb500000, 0x00000000cb600000|  0%| F|  |TAMS 0x00000000cb500000| PB 0x00000000cb500000| Untracked |  0
| 182|0x00000000cb600000, 0x00000000cb600000, 0x00000000cb700000|  0%| F|  |TAMS 0x00000000cb600000| PB 0x00000000cb600000| Untracked |  0
| 183|0x00000000cb700000, 0x00000000cb700000, 0x00000000cb800000|  0%| F|  |TAMS 0x00000000cb700000| PB 0x00000000cb700000| Untracked |  0
| 184|0x00000000cb800000, 0x00000000cb800000, 0x00000000cb900000|  0%| F|  |TAMS 0x00000000cb800000| PB 0x00000000cb800000| Untracked |  0
| 185|0x00000000cb900000, 0x00000000cb900000, 0x00000000cba00000|  0%| F|  |TAMS 0x00000000cb900000| PB 0x00000000cb900000| Untracked |  0
| 186|0x00000000cba00000, 0x00000000cba00000, 0x00000000cbb00000|  0%| F|  |TAMS 0x00000000cba00000| PB 0x00000000cba00000| Untracked |  0
| 187|0x00000000cbb00000, 0x00000000cbc00000, 0x00000000cbc00000|100%| O|  |TAMS 0x00000000cbb00000| PB 0x00000000cbb00000| Untracked |  0
| 188|0x00000000cbc00000, 0x00000000cbc85e00, 0x00000000cbd00000| 52%| E|  |TAMS 0x00000000cbc00000| PB 0x00000000cbc00000| Complete |  0
| 189|0x00000000cbd00000, 0x00000000cbe00000, 0x00000000cbe00000|100%| E|CS|TAMS 0x00000000cbd00000| PB 0x00000000cbd00000| Complete |  0
| 190|0x00000000cbe00000, 0x00000000cbefffe8, 0x00000000cbf00000| 99%| O|  |TAMS 0x00000000cbe00000| PB 0x00000000cbe00000| Untracked |  0
| 191|0x00000000cbf00000, 0x00000000cc000000, 0x00000000cc000000|100%| E|CS|TAMS 0x00000000cbf00000| PB 0x00000000cbf00000| Complete |  0
| 192|0x00000000cc000000, 0x00000000cc100000, 0x00000000cc100000|100%| E|CS|TAMS 0x00000000cc000000| PB 0x00000000cc000000| Complete |  0
| 193|0x00000000cc100000, 0x00000000cc200000, 0x00000000cc200000|100%| E|CS|TAMS 0x00000000cc100000| PB 0x00000000cc100000| Complete |  0
| 194|0x00000000cc200000, 0x00000000cc300000, 0x00000000cc300000|100%| E|CS|TAMS 0x00000000cc200000| PB 0x00000000cc200000| Complete |  0
| 195|0x00000000cc300000, 0x00000000cc400000, 0x00000000cc400000|100%| E|CS|TAMS 0x00000000cc300000| PB 0x00000000cc300000| Complete |  0
| 196|0x00000000cc400000, 0x00000000cc500000, 0x00000000cc500000|100%| E|CS|TAMS 0x00000000cc400000| PB 0x00000000cc400000| Complete |  0
| 197|0x00000000cc500000, 0x00000000cc600000, 0x00000000cc600000|100%| E|CS|TAMS 0x00000000cc500000| PB 0x00000000cc500000| Complete |  0
| 198|0x00000000cc600000, 0x00000000cc700000, 0x00000000cc700000|100%| E|CS|TAMS 0x00000000cc600000| PB 0x00000000cc600000| Complete |  0
| 199|0x00000000cc700000, 0x00000000cc800000, 0x00000000cc800000|100%| E|CS|TAMS 0x00000000cc700000| PB 0x00000000cc700000| Complete |  0
| 200|0x00000000cc800000, 0x00000000cc900000, 0x00000000cc900000|100%| E|CS|TAMS 0x00000000cc800000| PB 0x00000000cc800000| Complete |  0
| 201|0x00000000cc900000, 0x00000000cca00000, 0x00000000cca00000|100%| E|CS|TAMS 0x00000000cc900000| PB 0x00000000cc900000| Complete |  0
| 202|0x00000000cca00000, 0x00000000ccb00000, 0x00000000ccb00000|100%| E|CS|TAMS 0x00000000cca00000| PB 0x00000000cca00000| Complete |  0
| 203|0x00000000ccb00000, 0x00000000ccc00000, 0x00000000ccc00000|100%| E|CS|TAMS 0x00000000ccb00000| PB 0x00000000ccb00000| Complete |  0
| 204|0x00000000ccc00000, 0x00000000ccd00000, 0x00000000ccd00000|100%| E|CS|TAMS 0x00000000ccc00000| PB 0x00000000ccc00000| Complete |  0
| 205|0x00000000ccd00000, 0x00000000cce00000, 0x00000000cce00000|100%| E|CS|TAMS 0x00000000ccd00000| PB 0x00000000ccd00000| Complete |  0
| 206|0x00000000cce00000, 0x00000000ccf00000, 0x00000000ccf00000|100%| E|CS|TAMS 0x00000000cce00000| PB 0x00000000cce00000| Complete |  0
| 207|0x00000000ccf00000, 0x00000000cd000000, 0x00000000cd000000|100%| E|CS|TAMS 0x00000000ccf00000| PB 0x00000000ccf00000| Complete |  0
| 208|0x00000000cd000000, 0x00000000cd100000, 0x00000000cd100000|100%| E|CS|TAMS 0x00000000cd000000| PB 0x00000000cd000000| Complete |  0
| 209|0x00000000cd100000, 0x00000000cd200000, 0x00000000cd200000|100%| E|CS|TAMS 0x00000000cd100000| PB 0x00000000cd100000| Complete |  0
| 210|0x00000000cd200000, 0x00000000cd2fffd8, 0x00000000cd300000| 99%| O|  |TAMS 0x00000000cd200000| PB 0x00000000cd200000| Untracked |  0
| 211|0x00000000cd300000, 0x00000000cd400000, 0x00000000cd400000|100%| E|CS|TAMS 0x00000000cd300000| PB 0x00000000cd300000| Complete |  0
| 212|0x00000000cd400000, 0x00000000cd500000, 0x00000000cd500000|100%| O|  |TAMS 0x00000000cd400000| PB 0x00000000cd400000| Untracked |  0
| 213|0x00000000cd500000, 0x00000000cd600000, 0x00000000cd600000|100%| E|CS|TAMS 0x00000000cd500000| PB 0x00000000cd500000| Complete |  0
| 214|0x00000000cd600000, 0x00000000cd700000, 0x00000000cd700000|100%| E|CS|TAMS 0x00000000cd600000| PB 0x00000000cd600000| Complete |  0
| 215|0x00000000cd700000, 0x00000000cd800000, 0x00000000cd800000|100%| E|CS|TAMS 0x00000000cd700000| PB 0x00000000cd700000| Complete |  0
| 216|0x00000000cd800000, 0x00000000cd900000, 0x00000000cd900000|100%| O|Cm|TAMS 0x00000000cd800000| PB 0x00000000cd800000| Complete |  0
| 217|0x00000000cd900000, 0x00000000cda00000, 0x00000000cda00000|100%| E|CS|TAMS 0x00000000cd900000| PB 0x00000000cd900000| Complete |  0
| 218|0x00000000cda00000, 0x00000000cdb00000, 0x00000000cdb00000|100%| E|CS|TAMS 0x00000000cda00000| PB 0x00000000cda00000| Complete |  0
| 219|0x00000000cdb00000, 0x00000000cdc00000, 0x00000000cdc00000|100%| E|CS|TAMS 0x00000000cdb00000| PB 0x00000000cdb00000| Complete |  0
| 220|0x00000000cdc00000, 0x00000000cdd00000, 0x00000000cdd00000|100%| E|CS|TAMS 0x00000000cdc00000| PB 0x00000000cdc00000| Complete |  0
| 221|0x00000000cdd00000, 0x00000000cde00000, 0x00000000cde00000|100%| E|CS|TAMS 0x00000000cdd00000| PB 0x00000000cdd00000| Complete |  0
| 222|0x00000000cde00000, 0x00000000cdf00000, 0x00000000cdf00000|100%| E|CS|TAMS 0x00000000cde00000| PB 0x00000000cde00000| Complete |  0
| 223|0x00000000cdf00000, 0x00000000ce000000, 0x00000000ce000000|100%| O|  |TAMS 0x00000000cdf00000| PB 0x00000000cdf00000| Untracked |  0
| 224|0x00000000ce000000, 0x00000000ce100000, 0x00000000ce100000|100%| E|CS|TAMS 0x00000000ce000000| PB 0x00000000ce000000| Complete |  0
| 225|0x00000000ce100000, 0x00000000ce200000, 0x00000000ce200000|100%| E|CS|TAMS 0x00000000ce100000| PB 0x00000000ce100000| Complete |  0
| 226|0x00000000ce200000, 0x00000000ce300000, 0x00000000ce300000|100%| E|CS|TAMS 0x00000000ce200000| PB 0x00000000ce200000| Complete |  0
| 227|0x00000000ce300000, 0x00000000ce400000, 0x00000000ce400000|100%| O|  |TAMS 0x00000000ce300000| PB 0x00000000ce300000| Untracked |  0
| 228|0x00000000ce400000, 0x00000000ce500000, 0x00000000ce500000|100%| E|CS|TAMS 0x00000000ce400000| PB 0x00000000ce400000| Complete |  0
| 229|0x00000000ce500000, 0x00000000ce600000, 0x00000000ce600000|100%| E|CS|TAMS 0x00000000ce500000| PB 0x00000000ce500000| Complete |  0
| 230|0x00000000ce600000, 0x00000000ce700000, 0x00000000ce700000|100%| E|CS|TAMS 0x00000000ce600000| PB 0x00000000ce600000| Complete |  0
| 231|0x00000000ce700000, 0x00000000ce800000, 0x00000000ce800000|100%| E|CS|TAMS 0x00000000ce700000| PB 0x00000000ce700000| Complete |  0
| 232|0x00000000ce800000, 0x00000000ce900000, 0x00000000ce900000|100%| E|CS|TAMS 0x00000000ce800000| PB 0x00000000ce800000| Complete |  0
| 233|0x00000000ce900000, 0x00000000cea00000, 0x00000000cea00000|100%| E|CS|TAMS 0x00000000ce900000| PB 0x00000000ce900000| Complete |  0
| 234|0x00000000cea00000, 0x00000000ceb00000, 0x00000000ceb00000|100%| E|CS|TAMS 0x00000000cea00000| PB 0x00000000cea00000| Complete |  0
| 235|0x00000000ceb00000, 0x00000000cec00000, 0x00000000cec00000|100%| E|CS|TAMS 0x00000000ceb00000| PB 0x00000000ceb00000| Complete |  0
| 236|0x00000000cec00000, 0x00000000ced00000, 0x00000000ced00000|100%| E|CS|TAMS 0x00000000cec00000| PB 0x00000000cec00000| Complete |  0
| 237|0x00000000ced00000, 0x00000000cee00000, 0x00000000cee00000|100%| E|CS|TAMS 0x00000000ced00000| PB 0x00000000ced00000| Complete |  0
| 238|0x00000000cee00000, 0x00000000cef00000, 0x00000000cef00000|100%| E|CS|TAMS 0x00000000cee00000| PB 0x00000000cee00000| Complete |  0
| 239|0x00000000cef00000, 0x00000000cf000000, 0x00000000cf000000|100%| O|  |TAMS 0x00000000cef00000| PB 0x00000000cef00000| Untracked |  0
| 240|0x00000000cf000000, 0x00000000cf100000, 0x00000000cf100000|100%| E|CS|TAMS 0x00000000cf000000| PB 0x00000000cf000000| Complete |  0
| 241|0x00000000cf100000, 0x00000000cf200000, 0x00000000cf200000|100%| O|  |TAMS 0x00000000cf100000| PB 0x00000000cf100000| Untracked |  0
| 242|0x00000000cf200000, 0x00000000cf300000, 0x00000000cf300000|100%| E|CS|TAMS 0x00000000cf200000| PB 0x00000000cf200000| Complete |  0
| 243|0x00000000cf300000, 0x00000000cf400000, 0x00000000cf400000|100%| E|CS|TAMS 0x00000000cf300000| PB 0x00000000cf300000| Complete |  0
| 244|0x00000000cf400000, 0x00000000cf500000, 0x00000000cf500000|100%| E|CS|TAMS 0x00000000cf400000| PB 0x00000000cf400000| Complete |  0
| 245|0x00000000cf500000, 0x00000000cf600000, 0x00000000cf600000|100%| E|CS|TAMS 0x00000000cf500000| PB 0x00000000cf500000| Complete |  0
| 246|0x00000000cf600000, 0x00000000cf700000, 0x00000000cf700000|100%| E|CS|TAMS 0x00000000cf600000| PB 0x00000000cf600000| Complete |  0
| 247|0x00000000cf700000, 0x00000000cf800000, 0x00000000cf800000|100%| E|CS|TAMS 0x00000000cf700000| PB 0x00000000cf700000| Complete |  0
| 248|0x00000000cf800000, 0x00000000cf900000, 0x00000000cf900000|100%| E|CS|TAMS 0x00000000cf800000| PB 0x00000000cf800000| Complete |  0
| 249|0x00000000cf900000, 0x00000000cfa00000, 0x00000000cfa00000|100%| E|CS|TAMS 0x00000000cf900000| PB 0x00000000cf900000| Complete |  0
| 250|0x00000000cfa00000, 0x00000000cfb00000, 0x00000000cfb00000|100%| E|CS|TAMS 0x00000000cfa00000| PB 0x00000000cfa00000| Complete |  0
| 251|0x00000000cfb00000, 0x00000000cfc00000, 0x00000000cfc00000|100%| E|CS|TAMS 0x00000000cfb00000| PB 0x00000000cfb00000| Complete |  0
| 252|0x00000000cfc00000, 0x00000000cfceeee8, 0x00000000cfd00000| 93%| O|  |TAMS 0x00000000cfc00000| PB 0x00000000cfc00000| Untracked |  0
| 253|0x00000000cfd00000, 0x00000000cfe00000, 0x00000000cfe00000|100%| E|CS|TAMS 0x00000000cfd00000| PB 0x00000000cfd00000| Complete |  0
| 254|0x00000000cfe00000, 0x00000000cff00000, 0x00000000cff00000|100%| E|CS|TAMS 0x00000000cfe00000| PB 0x00000000cfe00000| Complete |  0
| 255|0x00000000cff00000, 0x00000000d0000000, 0x00000000d0000000|100%| E|CS|TAMS 0x00000000cff00000| PB 0x00000000cff00000| Complete |  0
| 256|0x00000000d0000000, 0x00000000d0100000, 0x00000000d0100000|100%| E|CS|TAMS 0x00000000d0000000| PB 0x00000000d0000000| Complete |  0
| 257|0x00000000d0100000, 0x00000000d0200000, 0x00000000d0200000|100%| E|CS|TAMS 0x00000000d0100000| PB 0x00000000d0100000| Complete |  0
| 258|0x00000000d0200000, 0x00000000d0300000, 0x00000000d0300000|100%| E|CS|TAMS 0x00000000d0200000| PB 0x00000000d0200000| Complete |  0
| 259|0x00000000d0300000, 0x00000000d0400000, 0x00000000d0400000|100%| E|CS|TAMS 0x00000000d0300000| PB 0x00000000d0300000| Complete |  0
| 260|0x00000000d0400000, 0x00000000d04fe828, 0x00000000d0500000| 99%| O|  |TAMS 0x00000000d0400000| PB 0x00000000d0400000| Untracked |  0
| 261|0x00000000d0500000, 0x00000000d0600000, 0x00000000d0600000|100%| E|CS|TAMS 0x00000000d0500000| PB 0x00000000d0500000| Complete |  0
| 262|0x00000000d0600000, 0x00000000d0700000, 0x00000000d0700000|100%| E|CS|TAMS 0x00000000d0600000| PB 0x00000000d0600000| Complete |  0
| 263|0x00000000d0700000, 0x00000000d0800000, 0x00000000d0800000|100%| E|CS|TAMS 0x00000000d0700000| PB 0x00000000d0700000| Complete |  0
| 264|0x00000000d0800000, 0x00000000d0900000, 0x00000000d0900000|100%| E|CS|TAMS 0x00000000d0800000| PB 0x00000000d0800000| Complete |  0
| 265|0x00000000d0900000, 0x00000000d0a00000, 0x00000000d0a00000|100%| E|CS|TAMS 0x00000000d0900000| PB 0x00000000d0900000| Complete |  0
| 266|0x00000000d0a00000, 0x00000000d0b00000, 0x00000000d0b00000|100%| E|CS|TAMS 0x00000000d0a00000| PB 0x00000000d0a00000| Complete |  0
| 267|0x00000000d0b00000, 0x00000000d0c00000, 0x00000000d0c00000|100%| E|CS|TAMS 0x00000000d0b00000| PB 0x00000000d0b00000| Complete |  0
| 268|0x00000000d0c00000, 0x00000000d0d00000, 0x00000000d0d00000|100%| E|CS|TAMS 0x00000000d0c00000| PB 0x00000000d0c00000| Complete |  0
| 269|0x00000000d0d00000, 0x00000000d0e00000, 0x00000000d0e00000|100%| E|CS|TAMS 0x00000000d0d00000| PB 0x00000000d0d00000| Complete |  0
| 270|0x00000000d0e00000, 0x00000000d0f00000, 0x00000000d0f00000|100%| E|CS|TAMS 0x00000000d0e00000| PB 0x00000000d0e00000| Complete |  0
| 271|0x00000000d0f00000, 0x00000000d1000000, 0x00000000d1000000|100%| E|CS|TAMS 0x00000000d0f00000| PB 0x00000000d0f00000| Complete |  0
| 272|0x00000000d1000000, 0x00000000d1100000, 0x00000000d1100000|100%| E|CS|TAMS 0x00000000d1000000| PB 0x00000000d1000000| Complete |  0
| 273|0x00000000d1100000, 0x00000000d1200000, 0x00000000d1200000|100%| E|CS|TAMS 0x00000000d1100000| PB 0x00000000d1100000| Complete |  0
| 274|0x00000000d1200000, 0x00000000d1300000, 0x00000000d1300000|100%| E|CS|TAMS 0x00000000d1200000| PB 0x00000000d1200000| Complete |  0
| 275|0x00000000d1300000, 0x00000000d1400000, 0x00000000d1400000|100%| E|CS|TAMS 0x00000000d1300000| PB 0x00000000d1300000| Complete |  0
| 276|0x00000000d1400000, 0x00000000d1500000, 0x00000000d1500000|100%| E|CS|TAMS 0x00000000d1400000| PB 0x00000000d1400000| Complete |  0
| 277|0x00000000d1500000, 0x00000000d1600000, 0x00000000d1600000|100%| E|CS|TAMS 0x00000000d1500000| PB 0x00000000d1500000| Complete |  0
| 278|0x00000000d1600000, 0x00000000d1700000, 0x00000000d1700000|100%| E|CS|TAMS 0x00000000d1600000| PB 0x00000000d1600000| Complete |  0
| 279|0x00000000d1700000, 0x00000000d1800000, 0x00000000d1800000|100%| E|CS|TAMS 0x00000000d1700000| PB 0x00000000d1700000| Complete |  0
| 280|0x00000000d1800000, 0x00000000d1900000, 0x00000000d1900000|100%| E|CS|TAMS 0x00000000d1800000| PB 0x00000000d1800000| Complete |  0
| 281|0x00000000d1900000, 0x00000000d1a00000, 0x00000000d1a00000|100%| E|CS|TAMS 0x00000000d1900000| PB 0x00000000d1900000| Complete |  0
| 282|0x00000000d1a00000, 0x00000000d1b00000, 0x00000000d1b00000|100%| E|CS|TAMS 0x00000000d1a00000| PB 0x00000000d1a00000| Complete |  0
| 283|0x00000000d1b00000, 0x00000000d1c00000, 0x00000000d1c00000|100%| E|CS|TAMS 0x00000000d1b00000| PB 0x00000000d1b00000| Complete |  0
| 284|0x00000000d1c00000, 0x00000000d1d00000, 0x00000000d1d00000|100%| E|CS|TAMS 0x00000000d1c00000| PB 0x00000000d1c00000| Complete |  0
| 285|0x00000000d1d00000, 0x00000000d1e00000, 0x00000000d1e00000|100%| E|CS|TAMS 0x00000000d1d00000| PB 0x00000000d1d00000| Complete |  0
| 286|0x00000000d1e00000, 0x00000000d1f00000, 0x00000000d1f00000|100%| E|CS|TAMS 0x00000000d1e00000| PB 0x00000000d1e00000| Complete |  0
| 287|0x00000000d1f00000, 0x00000000d2000000, 0x00000000d2000000|100%| E|CS|TAMS 0x00000000d1f00000| PB 0x00000000d1f00000| Complete |  0
| 288|0x00000000d2000000, 0x00000000d2100000, 0x00000000d2100000|100%| E|CS|TAMS 0x00000000d2000000| PB 0x00000000d2000000| Complete |  0
| 289|0x00000000d2100000, 0x00000000d2200000, 0x00000000d2200000|100%| E|CS|TAMS 0x00000000d2100000| PB 0x00000000d2100000| Complete |  0
| 290|0x00000000d2200000, 0x00000000d2300000, 0x00000000d2300000|100%| E|CS|TAMS 0x00000000d2200000| PB 0x00000000d2200000| Complete |  0
| 291|0x00000000d2300000, 0x00000000d2400000, 0x00000000d2400000|100%| E|CS|TAMS 0x00000000d2300000| PB 0x00000000d2300000| Complete |  0
| 292|0x00000000d2400000, 0x00000000d2500000, 0x00000000d2500000|100%| E|CS|TAMS 0x00000000d2400000| PB 0x00000000d2400000| Complete |  0
| 293|0x00000000d2500000, 0x00000000d2600000, 0x00000000d2600000|100%| E|CS|TAMS 0x00000000d2500000| PB 0x00000000d2500000| Complete |  0
| 294|0x00000000d2600000, 0x00000000d2700000, 0x00000000d2700000|100%| E|CS|TAMS 0x00000000d2600000| PB 0x00000000d2600000| Complete |  0
| 295|0x00000000d2700000, 0x00000000d2800000, 0x00000000d2800000|100%| E|CS|TAMS 0x00000000d2700000| PB 0x00000000d2700000| Complete |  0
| 296|0x00000000d2800000, 0x00000000d2900000, 0x00000000d2900000|100%| E|CS|TAMS 0x00000000d2800000| PB 0x00000000d2800000| Complete |  0
| 297|0x00000000d2900000, 0x00000000d2a00000, 0x00000000d2a00000|100%| E|CS|TAMS 0x00000000d2900000| PB 0x00000000d2900000| Complete |  0
| 298|0x00000000d2a00000, 0x00000000d2b00000, 0x00000000d2b00000|100%| E|CS|TAMS 0x00000000d2a00000| PB 0x00000000d2a00000| Complete |  0
| 299|0x00000000d2b00000, 0x00000000d2c00000, 0x00000000d2c00000|100%| E|CS|TAMS 0x00000000d2b00000| PB 0x00000000d2b00000| Complete |  0
| 300|0x00000000d2c00000, 0x00000000d2d00000, 0x00000000d2d00000|100%| E|CS|TAMS 0x00000000d2c00000| PB 0x00000000d2c00000| Complete |  0
| 301|0x00000000d2d00000, 0x00000000d2e00000, 0x00000000d2e00000|100%| E|CS|TAMS 0x00000000d2d00000| PB 0x00000000d2d00000| Complete |  0
| 302|0x00000000d2e00000, 0x00000000d2f00000, 0x00000000d2f00000|100%| E|CS|TAMS 0x00000000d2e00000| PB 0x00000000d2e00000| Complete |  0
| 303|0x00000000d2f00000, 0x00000000d3000000, 0x00000000d3000000|100%| E|CS|TAMS 0x00000000d2f00000| PB 0x00000000d2f00000| Complete |  0
| 304|0x00000000d3000000, 0x00000000d3100000, 0x00000000d3100000|100%| E|CS|TAMS 0x00000000d3000000| PB 0x00000000d3000000| Complete |  0
| 305|0x00000000d3100000, 0x00000000d3200000, 0x00000000d3200000|100%| E|CS|TAMS 0x00000000d3100000| PB 0x00000000d3100000| Complete |  0
| 306|0x00000000d3200000, 0x00000000d3300000, 0x00000000d3300000|100%| E|CS|TAMS 0x00000000d3200000| PB 0x00000000d3200000| Complete |  0
| 307|0x00000000d3300000, 0x00000000d3400000, 0x00000000d3400000|100%| E|CS|TAMS 0x00000000d3300000| PB 0x00000000d3300000| Complete |  0
| 308|0x00000000d3400000, 0x00000000d3500000, 0x00000000d3500000|100%| E|CS|TAMS 0x00000000d3400000| PB 0x00000000d3400000| Complete |  0
| 395|0x00000000d8b00000, 0x00000000d8c00000, 0x00000000d8c00000|100%| E|CS|TAMS 0x00000000d8b00000| PB 0x00000000d8b00000| Complete |  0
| 396|0x00000000d8c00000, 0x00000000d8d00000, 0x00000000d8d00000|100%| E|CS|TAMS 0x00000000d8c00000| PB 0x00000000d8c00000| Complete |  0
| 553|0x00000000e2900000, 0x00000000e2a00000, 0x00000000e2a00000|100%| E|CS|TAMS 0x00000000e2900000| PB 0x00000000e2900000| Complete |  0
| 554|0x00000000e2a00000, 0x00000000e2b00000, 0x00000000e2b00000|100%| E|CS|TAMS 0x00000000e2a00000| PB 0x00000000e2a00000| Complete |  0
| 555|0x00000000e2b00000, 0x00000000e2c00000, 0x00000000e2c00000|100%| E|CS|TAMS 0x00000000e2b00000| PB 0x00000000e2b00000| Complete |  0
| 556|0x00000000e2c00000, 0x00000000e2d00000, 0x00000000e2d00000|100%| E|CS|TAMS 0x00000000e2c00000| PB 0x00000000e2c00000| Complete |  0
| 557|0x00000000e2d00000, 0x00000000e2e00000, 0x00000000e2e00000|100%| E|CS|TAMS 0x00000000e2d00000| PB 0x00000000e2d00000| Complete |  0
| 558|0x00000000e2e00000, 0x00000000e2f00000, 0x00000000e2f00000|100%| E|CS|TAMS 0x00000000e2e00000| PB 0x00000000e2e00000| Complete |  0
| 559|0x00000000e2f00000, 0x00000000e3000000, 0x00000000e3000000|100%| E|CS|TAMS 0x00000000e2f00000| PB 0x00000000e2f00000| Complete |  0
| 560|0x00000000e3000000, 0x00000000e3100000, 0x00000000e3100000|100%| E|CS|TAMS 0x00000000e3000000| PB 0x00000000e3000000| Complete |  0
|1019|0x00000000ffb00000, 0x00000000ffc00000, 0x00000000ffc00000|100%| E|CS|TAMS 0x00000000ffb00000| PB 0x00000000ffb00000| Complete |  0
|1020|0x00000000ffc00000, 0x00000000ffd00000, 0x00000000ffd00000|100%| E|CS|TAMS 0x00000000ffc00000| PB 0x00000000ffc00000| Complete |  0
|1021|0x00000000ffd00000, 0x00000000ffe00000, 0x00000000ffe00000|100%| E|CS|TAMS 0x00000000ffd00000| PB 0x00000000ffd00000| Complete |  0
|1022|0x00000000ffe00000, 0x00000000fff00000, 0x00000000fff00000|100%| E|CS|TAMS 0x00000000ffe00000| PB 0x00000000ffe00000| Complete |  0
|1023|0x00000000fff00000, 0x0000000100000000, 0x0000000100000000|100%| E|CS|TAMS 0x00000000fff00000| PB 0x00000000fff00000| Complete |  0

Card table byte_map: [0x000002907ebd0000,0x000002907edd0000] _byte_map_base: 0x000002907e5d0000

Marking Bits: (CMBitMap*) 0x00000290758ae680
 Bits: [0x000002907edd0000, 0x000002907fdd0000)

Polling page: 0x0000029073670000

Metaspace:
Metaspace        used 145209K, committed 146304K, reserved 1179648K
 class space     used 19164K, committed 19648K, reserved 1048576K

Usage:
  Non-class:    123.09 MB used.
      Class:     18.72 MB used.
       Both:    141.81 MB used.

Virtual space:
  Non-class space:      128.00 MB reserved,     123.69 MB ( 97%) committed,  2 nodes.
      Class space:        1.00 GB reserved,      19.19 MB (  2%) committed,  1 nodes.
             Both:        1.12 GB reserved,     142.88 MB ( 12%) committed. 

Chunk freelists:
   Non-Class:  3.78 MB
       Class:  12.65 MB
        Both:  16.43 MB

MaxMetaspaceSize: unlimited
CompressedClassSpaceSize: 1.00 GB
Initial GC threshold: 21.00 MB
Current GC threshold: 237.94 MB
CDS: on
 - commit_granule_bytes: 65536.
 - commit_granule_words: 8192.
 - virtual_space_node_default_size: 8388608.
 - enlarge_chunks_in_place: 1.
UseCompressedClassPointers 1, UseCompactObjectHeaders 0
Narrow klass pointer bits 32, Max shift 3
Narrow klass base: 0x000000002d000000, Narrow klass shift: 0
Encoding Range: [0x000000002d000000 - 0x000000012d000000), (4294967296 bytes)
Klass Range:    [0x000000002d010000 - 0x000000006e000000), (1090453504 bytes)
Klass ID Range:  [65536 - 1090519033) (1090453497)
Protection zone: [0x000000002d000000 - 0x000000002d010000), (65536 bytes)


Internal statistics:

num_allocs_failed_limit: 12.
num_arena_births: 3034.
num_arena_deaths: 1462.
num_vsnodes_births: 3.
num_vsnodes_deaths: 0.
num_space_committed: 2280.
num_space_uncommitted: 0.
num_chunks_returned_to_freelist: 2009.
num_chunks_taken_from_freelist: 9360.
num_chunk_merges: 654.
num_chunk_splits: 6064.
num_chunks_enlarged: 4399.
num_inconsistent_stats: 0.

CodeHeap 'non-profiled nmethods': size=120064Kb used=4758Kb max_used=4853Kb free=115305Kb
 bounds [0x0000029007ae0000, 0x0000029007fa0000, 0x000002900f020000]
CodeHeap 'profiled nmethods': size=120064Kb used=7782Kb max_used=13911Kb free=112281Kb
 bounds [0x0000029000000000, 0x0000029000da0000, 0x0000029007540000]
CodeHeap 'non-nmethods': size=5760Kb used=2124Kb max_used=2255Kb free=3635Kb
 bounds [0x0000029007540000, 0x00000290077b0000, 0x0000029007ae0000]
CodeCache: size=245888Kb, used=14664Kb, max_used=21019Kb, free=231221Kb
 total_blobs=8409, nmethods=7193, adapters=1117, full_count=0
Compilation: enabled, stopped_count=0, restarted_count=0

Compilation events (20 events):
Event: 1238.167 Thread 0x0000029011a3e8f0 nmethod 19627 0x00000290008eb608 code [0x00000290008eb700, 0x00000290008ec420]
Event: 1238.167 Thread 0x0000029011a3e8f0 19625   !   3       java.lang.String::replace (258 bytes)
Event: 1238.176 Thread 0x0000029011a3e8f0 nmethod 19625 0x0000029000060988 code [0x0000029000060a80, 0x00000290000636e8]
Event: 1238.176 Thread 0x0000029011a3e8f0 19628       2       java.lang.ClassLoader::findBootstrapClassOrNull (14 bytes)
Event: 1238.176 Thread 0x0000029011a3e8f0 nmethod 19628 0x000002900010cd88 code [0x000002900010ce80, 0x000002900010cfe0]
Event: 1238.176 Thread 0x0000029011a3e8f0 19624       3       java.util.regex.Pattern::matches (16 bytes)
Event: 1238.176 Thread 0x0000029011a3e8f0 nmethod 19624 0x000002900046ec08 code [0x000002900046ed00, 0x000002900046f158]
Event: 1238.177 Thread 0x0000029011a3e8f0 19629       3       java.net.URLStreamHandler::setURL (156 bytes)
Event: 1238.180 Thread 0x0000029011a3e8f0 nmethod 19629 0x0000029000d8cd08 code [0x0000029000d8ce00, 0x0000029000d8df68]
Event: 1238.195 Thread 0x0000029011a3d070 nmethod 19610 0x0000029007c5ad88 code [0x0000029007c5ae80, 0x0000029007c5e1c0]
Event: 1238.196 Thread 0x0000029011a3d070 19612   !   4       java.net.URL::<init> (523 bytes)
Event: 1238.244 Thread 0x0000029011a3e8f0 19631   !   3       java.net.URL::set (114 bytes)
Event: 1238.246 Thread 0x0000029011a3e8f0 nmethod 19631 0x0000029000b82288 code [0x0000029000b82380, 0x0000029000b83120]
Event: 1238.403 Thread 0x0000029011a3e8f0 19632       3       java.io.BufferedOutputStream::flushBuffer (29 bytes)
Event: 1238.404 Thread 0x0000029011a3e8f0 nmethod 19632 0x0000029000b94d08 code [0x0000029000b94e00, 0x0000029000b95028]
Event: 1238.406 Thread 0x0000029011a3e8f0 19633  s    3       java.io.BufferedOutputStream::flush (12 bytes)
Event: 1238.407 Thread 0x0000029011a3e8f0 nmethod 19633 0x0000029000457408 code [0x0000029000457500, 0x0000029000457990]
Event: 1238.422 Thread 0x0000029011a3e8f0 19634       3       java.lang.Thread::getPriority (17 bytes)
Event: 1238.423 Thread 0x0000029011a3e8f0 nmethod 19634 0x00000290001ff508 code [0x00000290001ff600, 0x00000290001ff910]
Event: 1238.428 Thread 0x0000029011a3e8f0 19636       3       java.lang.invoke.InnerClassLambdaMetafactory::<init> (263 bytes)

GC Heap Usage History (20 events):
Event: 681.224 {heap Before GC invocations=370 (full 1):
 garbage-first heap   total reserved 1048576K, committed 1048576K, used 989534K [0x00000000c0000000, 0x0000000100000000)
  region size 1024K, 368 young (376832K), 18 survivors (18432K)
}
Event: 681.230 {heap After GC invocations=371 (full 1):
 garbage-first heap   total reserved 1048576K, committed 1048576K, used 632901K [0x00000000c0000000, 0x0000000100000000)
  region size 1024K, 19 young (19456K), 19 survivors (19456K)
}
Event: 682.305 {heap Before GC invocations=372 (full 1):
 garbage-first heap   total reserved 1048576K, committed 1048576K, used 799196K [0x00000000c0000000, 0x0000000100000000)
  region size 1024K, 369 young (377856K), 19 survivors (19456K)
}
Event: 682.314 {heap After GC invocations=373 (full 1):
 garbage-first heap   total reserved 1048576K, committed 1048576K, used 437724K [0x00000000c0000000, 0x0000000100000000)
  region size 1024K, 16 young (16384K), 16 survivors (16384K)
}
Event: 688.945 {heap Before GC invocations=373 (full 1):
 garbage-first heap   total reserved 1048576K, committed 1048576K, used 1005020K [0x00000000c0000000, 0x0000000100000000)
  region size 1024K, 559 young (572416K), 16 survivors (16384K)
}
Event: 688.959 {heap After GC invocations=374 (full 1):
 garbage-first heap   total reserved 1048576K, committed 1048576K, used 411895K [0x00000000c0000000, 0x0000000100000000)
  region size 1024K, 8 young (8192K), 8 survivors (8192K)
}
Event: 698.581 {heap Before GC invocations=374 (full 1):
 garbage-first heap   total reserved 1048576K, committed 1048576K, used 992503K [0x00000000c0000000, 0x0000000100000000)
  region size 1024K, 576 young (589824K), 8 survivors (8192K)
}
Event: 698.600 {heap After GC invocations=375 (full 1):
 garbage-first heap   total reserved 1048576K, committed 1048576K, used 411593K [0x00000000c0000000, 0x0000000100000000)
  region size 1024K, 8 young (8192K), 8 survivors (8192K)
}
Event: 1067.064 {heap Before GC invocations=376 (full 1):
 garbage-first heap   total reserved 1048576K, committed 601088K, used 536550K [0x00000000c0000000, 0x0000000100000000)
  region size 1024K, 352 young (360448K), 8 survivors (8192K)
}
Event: 1067.107 {heap After GC invocations=377 (full 1):
 garbage-first heap   total reserved 1048576K, committed 601088K, used 173233K [0x00000000c0000000, 0x0000000100000000)
  region size 1024K, 3 young (3072K), 3 survivors (3072K)
}
Event: 1077.981 {heap Before GC invocations=377 (full 1):
 garbage-first heap   total reserved 1048576K, committed 601088K, used 530609K [0x00000000c0000000, 0x0000000100000000)
  region size 1024K, 352 young (360448K), 3 survivors (3072K)
}
Event: 1078.019 {heap After GC invocations=378 (full 1):
 garbage-first heap   total reserved 1048576K, committed 601088K, used 152068K [0x00000000c0000000, 0x0000000100000000)
  region size 1024K, 3 young (3072K), 3 survivors (3072K)
}
Event: 1102.537 {heap Before GC invocations=378 (full 1):
 garbage-first heap   total reserved 1048576K, committed 601088K, used 509444K [0x00000000c0000000, 0x0000000100000000)
  region size 1024K, 352 young (360448K), 3 survivors (3072K)
}
Event: 1102.602 {heap After GC invocations=379 (full 1):
 garbage-first heap   total reserved 1048576K, committed 601088K, used 152078K [0x00000000c0000000, 0x0000000100000000)
  region size 1024K, 3 young (3072K), 3 survivors (3072K)
}
Event: 1137.403 {heap Before GC invocations=380 (full 1):
 garbage-first heap   total reserved 1048576K, committed 419840K, used 372238K [0x00000000c0000000, 0x0000000100000000)
  region size 1024K, 246 young (251904K), 3 survivors (3072K)
}
Event: 1137.508 {heap After GC invocations=381 (full 1):
 garbage-first heap   total reserved 1048576K, committed 419840K, used 123223K [0x00000000c0000000, 0x0000000100000000)
  region size 1024K, 3 young (3072K), 3 survivors (3072K)
}
Event: 1174.128 {heap Before GC invocations=381 (full 1):
 garbage-first heap   total reserved 1048576K, committed 419840K, used 372055K [0x00000000c0000000, 0x0000000100000000)
  region size 1024K, 246 young (251904K), 3 survivors (3072K)
}
Event: 1174.253 {heap After GC invocations=382 (full 1):
 garbage-first heap   total reserved 1048576K, committed 419840K, used 96536K [0x00000000c0000000, 0x0000000100000000)
  region size 1024K, 3 young (3072K), 3 survivors (3072K)
}
Event: 1211.302 {heap Before GC invocations=382 (full 1):
 garbage-first heap   total reserved 1048576K, committed 419840K, used 345368K [0x00000000c0000000, 0x0000000100000000)
  region size 1024K, 246 young (251904K), 3 survivors (3072K)
}
Event: 1211.559 {heap After GC invocations=383 (full 1):
 garbage-first heap   total reserved 1048576K, committed 419840K, used 96569K [0x00000000c0000000, 0x0000000100000000)
  region size 1024K, 3 young (3072K), 3 survivors (3072K)
}

Metaspace Usage History (20 events):
Event: 681.224 {metaspace Before GC invocations=370 (full 1):
 Metaspace       used 144315K, committed 145664K, reserved 1179648K
  class space    used 19016K, committed 19648K, reserved 1048576K
}
Event: 681.230 {metaspace After GC invocations=371 (full 1):
 Metaspace       used 144315K, committed 145664K, reserved 1179648K
  class space    used 19016K, committed 19648K, reserved 1048576K
}
Event: 682.305 {metaspace Before GC invocations=372 (full 1):
 Metaspace       used 144315K, committed 145664K, reserved 1179648K
  class space    used 19016K, committed 19648K, reserved 1048576K
}
Event: 682.314 {metaspace After GC invocations=373 (full 1):
 Metaspace       used 144315K, committed 145664K, reserved 1179648K
  class space    used 19016K, committed 19648K, reserved 1048576K
}
Event: 688.945 {metaspace Before GC invocations=373 (full 1):
 Metaspace       used 144327K, committed 145664K, reserved 1179648K
  class space    used 19016K, committed 19648K, reserved 1048576K
}
Event: 688.959 {metaspace After GC invocations=374 (full 1):
 Metaspace       used 144327K, committed 145664K, reserved 1179648K
  class space    used 19016K, committed 19648K, reserved 1048576K
}
Event: 698.581 {metaspace Before GC invocations=374 (full 1):
 Metaspace       used 144327K, committed 145664K, reserved 1179648K
  class space    used 19016K, committed 19648K, reserved 1048576K
}
Event: 698.600 {metaspace After GC invocations=375 (full 1):
 Metaspace       used 144327K, committed 145664K, reserved 1179648K
  class space    used 19016K, committed 19648K, reserved 1048576K
}
Event: 1067.064 {metaspace Before GC invocations=376 (full 1):
 Metaspace       used 145082K, committed 146176K, reserved 1179648K
  class space    used 19143K, committed 19648K, reserved 1048576K
}
Event: 1067.107 {metaspace After GC invocations=377 (full 1):
 Metaspace       used 145082K, committed 146176K, reserved 1179648K
  class space    used 19143K, committed 19648K, reserved 1048576K
}
Event: 1077.981 {metaspace Before GC invocations=377 (full 1):
 Metaspace       used 145083K, committed 146176K, reserved 1179648K
  class space    used 19143K, committed 19648K, reserved 1048576K
}
Event: 1078.019 {metaspace After GC invocations=378 (full 1):
 Metaspace       used 145083K, committed 146176K, reserved 1179648K
  class space    used 19143K, committed 19648K, reserved 1048576K
}
Event: 1102.537 {metaspace Before GC invocations=378 (full 1):
 Metaspace       used 145092K, committed 146176K, reserved 1179648K
  class space    used 19143K, committed 19648K, reserved 1048576K
}
Event: 1102.602 {metaspace After GC invocations=379 (full 1):
 Metaspace       used 145092K, committed 146176K, reserved 1179648K
  class space    used 19143K, committed 19648K, reserved 1048576K
}
Event: 1137.404 {metaspace Before GC invocations=380 (full 1):
 Metaspace       used 145100K, committed 146240K, reserved 1179648K
  class space    used 19144K, committed 19648K, reserved 1048576K
}
Event: 1137.508 {metaspace After GC invocations=381 (full 1):
 Metaspace       used 145100K, committed 146240K, reserved 1179648K
  class space    used 19144K, committed 19648K, reserved 1048576K
}
Event: 1174.129 {metaspace Before GC invocations=381 (full 1):
 Metaspace       used 145123K, committed 146240K, reserved 1179648K
  class space    used 19146K, committed 19648K, reserved 1048576K
}
Event: 1174.253 {metaspace After GC invocations=382 (full 1):
 Metaspace       used 145123K, committed 146240K, reserved 1179648K
  class space    used 19146K, committed 19648K, reserved 1048576K
}
Event: 1211.303 {metaspace Before GC invocations=382 (full 1):
 Metaspace       used 145127K, committed 146240K, reserved 1179648K
  class space    used 19146K, committed 19648K, reserved 1048576K
}
Event: 1211.559 {metaspace After GC invocations=383 (full 1):
 Metaspace       used 145127K, committed 146240K, reserved 1179648K
  class space    used 19146K, committed 19648K, reserved 1048576K
}

Dll operation events (20 events):
Event: 1.354 Attempting to load shared library C:\Program Files\Eclipse Adoptium\jdk-25.0.4.101-hotspot\bin\jimage.dll
Event: 1.354 Loaded shared library C:\Program Files\Eclipse Adoptium\jdk-25.0.4.101-hotspot\bin\jimage.dll
Event: 1.846 Attempting to load shared library C:\Program Files\Eclipse Adoptium\jdk-25.0.4.101-hotspot\bin\management.dll
Event: 1.852 Loaded shared library C:\Program Files\Eclipse Adoptium\jdk-25.0.4.101-hotspot\bin\management.dll
Event: 1.856 Attempting to load shared library C:\Program Files\Eclipse Adoptium\jdk-25.0.4.101-hotspot\bin\management_ext.dll
Event: 1.859 Loaded shared library C:\Program Files\Eclipse Adoptium\jdk-25.0.4.101-hotspot\bin\management_ext.dll
Event: 3.852 Attempting to load shared library C:\hadoop\bin\hadoop.dll
Event: 3.862 Loaded shared library C:\hadoop\bin\hadoop.dll
Event: 3.919 Attempting to load shared library C:\Program Files\Eclipse Adoptium\jdk-25.0.4.101-hotspot\bin\jaas.dll
Event: 3.922 Loaded shared library C:\Program Files\Eclipse Adoptium\jdk-25.0.4.101-hotspot\bin\jaas.dll
Event: 4.258 Attempting to load shared library C:\Program Files\Eclipse Adoptium\jdk-25.0.4.101-hotspot\bin\extnet.dll
Event: 4.260 Loaded shared library C:\Program Files\Eclipse Adoptium\jdk-25.0.4.101-hotspot\bin\extnet.dll
Event: 7.178 Attempting to load shared library C:\Program Files\Eclipse Adoptium\jdk-25.0.4.101-hotspot\bin\sunmscapi.dll
Event: 7.183 Loaded shared library C:\Program Files\Eclipse Adoptium\jdk-25.0.4.101-hotspot\bin\sunmscapi.dll
Event: 126.756 Attempting to load shared library C:\Program Files\Eclipse Adoptium\jdk-25.0.4.101-hotspot\bin\verify.dll
Event: 126.760 Loaded shared library C:\Program Files\Eclipse Adoptium\jdk-25.0.4.101-hotspot\bin\verify.dll
Event: 127.204 Attempting to load shared library C:\Users\user\AppData\Local\Temp\liblz4-java-921045184133740538.dll
Event: 127.208 Loaded shared library C:\Users\user\AppData\Local\Temp\liblz4-java-921045184133740538.dll
Event: 426.727 Attempting to load shared library C:\Users\user\AppData\Local\Temp\snappy-1.1.10-bebf3a43-f08a-4f7d-acc4-11a70ff866df-snappyjava.dll
Event: 426.735 Loaded shared library C:\Users\user\AppData\Local\Temp\snappy-1.1.10-bebf3a43-f08a-4f7d-acc4-11a70ff866df-snappyjava.dll

Deoptimization events (20 events):
Event: 1165.106 Thread 0x0000029018b8d490 Uncommon trap: trap_request=0xffffff45 fr.pc=0x0000029007ee7270 relative=0x0000000000000a70
Event: 1165.106 Thread 0x0000029018b8d490 Uncommon trap: reason=unstable_if action=reinterpret pc=0x0000029007ee7270 method=java.util.concurrent.locks.AbstractQueuedSynchronizer$ConditionObject.unlinkCancelledWaiters(Ljava/util/concurrent/locks/AbstractQueuedSynchronizer$ConditionNode;)V @ 16 c2
Event: 1165.106 Thread 0x0000029018b8d490 DEOPT PACKING pc=0x0000029007ee7270 sp=0x000000e20eefef70
Event: 1165.138 Thread 0x0000029018b8d490 DEOPT UNPACKING pc=0x0000029007661402 sp=0x000000e20eefee88 mode 2
Event: 1232.396 Thread 0x0000029018b84fc0 Uncommon trap: trap_request=0xffffff45 fr.pc=0x0000029007f90e94 relative=0x0000000000004294
Event: 1232.401 Thread 0x0000029018b84fc0 Uncommon trap: reason=unstable_if action=reinterpret pc=0x0000029007f90e94 method=org.postgresql.core.v3.QueryExecutorImpl.processResults(Lorg/postgresql/core/ResultHandler;IZ)V @ 1850 c2
Event: 1232.404 Thread 0x0000029018b84fc0 DEOPT PACKING pc=0x0000029007f90e94 sp=0x000000e20e8fe2d0
Event: 1232.406 Thread 0x0000029018b84fc0 DEOPT UNPACKING pc=0x0000029007661402 sp=0x000000e20e8fe270 mode 2
Event: 1232.407 Thread 0x0000029018b84fc0 Uncommon trap: trap_request=0xffffff45 fr.pc=0x0000029007e44c9c relative=0x000000000000009c
Event: 1232.408 Thread 0x0000029018b84fc0 Uncommon trap: reason=unstable_if action=reinterpret pc=0x0000029007e44c9c method=java.util.ArrayDeque.circularClear([Ljava/lang/Object;II)V @ 14 c2
Event: 1232.408 Thread 0x0000029018b84fc0 DEOPT PACKING pc=0x0000029007e44c9c sp=0x000000e20e8fe260
Event: 1232.409 Thread 0x0000029018b84fc0 DEOPT UNPACKING pc=0x0000029007661402 sp=0x000000e20e8fe190 mode 2
Event: 1232.465 Thread 0x0000029018b84fc0 Uncommon trap: trap_request=0xffffff45 fr.pc=0x0000029007f986ac relative=0x00000000000017ac
Event: 1232.469 Thread 0x0000029018b84fc0 Uncommon trap: reason=unstable_if action=reinterpret pc=0x0000029007f986ac method=org.postgresql.core.ResultHandlerBase.handleCompletion()V @ 6 c2
Event: 1232.477 Thread 0x0000029018b84fc0 DEOPT PACKING pc=0x0000029007f986ac sp=0x000000e20e8fe3a0
Event: 1232.477 Thread 0x0000029018b84fc0 DEOPT UNPACKING pc=0x0000029007661402 sp=0x000000e20e8fe2a8 mode 2
Event: 1234.643 Thread 0x0000029018b84fc0 Uncommon trap: trap_request=0xffffff45 fr.pc=0x0000029007c08bf0 relative=0x00000000000001f0
Event: 1234.648 Thread 0x0000029018b84fc0 Uncommon trap: reason=unstable_if action=reinterpret pc=0x0000029007c08bf0 method=org.postgresql.core.v3.QueryExecutorImpl.processDeadPortals()V @ 9 c2
Event: 1234.648 Thread 0x0000029018b84fc0 DEOPT PACKING pc=0x0000029007c08bf0 sp=0x000000e20e8fe0a0
Event: 1234.652 Thread 0x0000029018b84fc0 DEOPT UNPACKING pc=0x0000029007661402 sp=0x000000e20e8fe068 mode 2

Classes loaded (20 events):
Event: 952.523 Loading class java/lang/py4j
Event: 952.523 Loading class java/lang/py4j done
Event: 952.527 Loading class java/lang/py4j
Event: 952.527 Loading class java/lang/py4j done
Event: 952.530 Loading class java/lang/py4j
Event: 952.530 Loading class java/lang/py4j done
Event: 952.533 Loading class java/lang/py4j
Event: 952.533 Loading class java/lang/py4j done
Event: 952.538 Loading class java/lang/py4j
Event: 952.538 Loading class java/lang/py4j done
Event: 952.541 Loading class java/lang/py4j
Event: 952.541 Loading class java/lang/py4j done
Event: 952.554 Loading class java/lang/py4j
Event: 952.554 Loading class java/lang/py4j done
Event: 952.558 Loading class java/lang/PythonErrorUtils
Event: 952.559 Loading class java/lang/PythonErrorUtils done
Event: 1065.309 Loading class java/lang/org
Event: 1065.320 Loading class java/lang/org done
Event: 1066.236 Loading class java/lang/org
Event: 1066.236 Loading class java/lang/org done

Classes unloaded (20 events):
Event: 578.217 Thread 0x0000029011a0ee30 Unloading class 0x000000002f1c4800 'java/lang/invoke/LambdaForm$MH+0x000000002f1c4800'
Event: 578.217 Thread 0x0000029011a0ee30 Unloading class 0x000000002f0fc800 'java/lang/invoke/LambdaForm$MH+0x000000002f0fc800'
Event: 578.217 Thread 0x0000029011a0ee30 Unloading class 0x000000002f108800 'java/lang/invoke/LambdaForm$MH+0x000000002f108800'
Event: 578.217 Thread 0x0000029011a0ee30 Unloading class 0x000000002f10e000 'java/lang/invoke/LambdaForm$BMH+0x000000002f10e000'
Event: 578.217 Thread 0x0000029011a0ee30 Unloading class 0x000000002f10f000 'java/lang/invoke/LambdaForm$MH+0x000000002f10f000'
Event: 578.217 Thread 0x0000029011a0ee30 Unloading class 0x000000002f125800 'java/lang/invoke/LambdaForm$MH+0x000000002f125800'
Event: 578.217 Thread 0x0000029011a0ee30 Unloading class 0x000000002f14b000 'java/lang/invoke/LambdaForm$MH+0x000000002f14b000'
Event: 578.217 Thread 0x0000029011a0ee30 Unloading class 0x000000002f154400 'java/lang/invoke/LambdaForm$MH+0x000000002f154400'
Event: 578.218 Thread 0x0000029011a0ee30 Unloading class 0x000000002f154000 'java/lang/invoke/LambdaForm$MH+0x000000002f154000'
Event: 578.218 Thread 0x0000029011a0ee30 Unloading class 0x000000002eed4000 'java/lang/invoke/LambdaForm$MH+0x000000002eed4000'
Event: 578.218 Thread 0x0000029011a0ee30 Unloading class 0x000000002ed2f000 'java/lang/invoke/LambdaForm$MH+0x000000002ed2f000'
Event: 578.218 Thread 0x0000029011a0ee30 Unloading class 0x000000002ed2ec00 'java/lang/invoke/LambdaForm$MH+0x000000002ed2ec00'
Event: 578.218 Thread 0x0000029011a0ee30 Unloading class 0x000000002ed2e800 'java/lang/invoke/LambdaForm$MH+0x000000002ed2e800'
Event: 578.218 Thread 0x0000029011a0ee30 Unloading class 0x000000002ed2e400 'java/lang/invoke/LambdaForm$MH+0x000000002ed2e400'
Event: 578.218 Thread 0x0000029011a0ee30 Unloading class 0x000000002ec8c000 'java/lang/invoke/LambdaForm$MH+0x000000002ec8c000'
Event: 578.219 Thread 0x0000029011a0ee30 Unloading class 0x000000002e8b4000 'java/lang/invoke/LambdaForm$MH+0x000000002e8b4000'
Event: 578.219 Thread 0x0000029011a0ee30 Unloading class 0x000000002e213800 'java/lang/invoke/LambdaForm$MH+0x000000002e213800'
Event: 578.219 Thread 0x0000029011a0ee30 Unloading class 0x000000002e212400 'java/lang/invoke/LambdaForm$MH+0x000000002e212400'
Event: 578.219 Thread 0x0000029011a0ee30 Unloading class 0x000000002e211000 'java/lang/invoke/LambdaForm$MH+0x000000002e211000'
Event: 578.219 Thread 0x0000029011a0ee30 Unloading class 0x000000002e210800 'java/lang/invoke/LambdaForm$MH+0x000000002e210800'

Classes redefined (0 events):
No events

Internal exceptions (20 events):
Event: 1065.691 Thread 0x0000029018cefc50 Exception <a 'java/lang/NoSuchMethodError'{0x00000000cfec4b80}: static Lorg/apache/spark/sql/execution/datasources/jdbc/JDBCPartition;.<clinit>()V> (0x00000000cfec4b80) 
thrown [s\src\hotspot\share\prims\jni.cpp, line 1106]
Event: 1065.692 Thread 0x0000029018cefc50 Exception <a 'java/lang/NoSuchMethodError'{0x00000000cfec9540}: static [Lorg/apache/spark/sql/connector/expressions/filter/Predicate;.<clinit>()V> (0x00000000cfec9540) 
thrown [s\src\hotspot\share\prims\jni.cpp, line 1106]
Event: 1065.706 Thread 0x0000029018cefc50 Exception <a 'java/lang/NoSuchMethodError'{0x00000000cfee4b80}: static Lorg/apache/spark/ConstantPartitioner;.<clinit>()V> (0x00000000cfee4b80) 
thrown [s\src\hotspot\share\prims\jni.cpp, line 1106]
Event: 1065.706 Thread 0x0000029018cefc50 Exception <a 'java/lang/NoSuchMethodError'{0x00000000cfee5c30}: static Lorg/apache/spark/Partitioner;.<clinit>()V> (0x00000000cfee5c30) 
thrown [s\src\hotspot\share\prims\jni.cpp, line 1106]
Event: 1065.709 Thread 0x0000029018cefc50 Exception <a 'java/lang/NoSuchMethodError'{0x00000000cfeebeb0}: static Ljava/lang/Object;.<clinit>()V> (0x00000000cfeebeb0) 
thrown [s\src\hotspot\share\prims\jni.cpp, line 1106]
Event: 1065.714 Thread 0x0000029018cefc50 Exception <a 'java/lang/NoSuchMethodError'{0x00000000cfef7790}: static Lorg/apache/spark/sql/types/LongType;.<clinit>()V> (0x00000000cfef7790) 
thrown [s\src\hotspot\share\prims\jni.cpp, line 1106]
Event: 1065.725 Thread 0x0000029018cefc50 Exception <a 'java/lang/NoSuchMethodError'{0x00000000cfb00388}: static Ljava/lang/Object;.<clinit>()V> (0x00000000cfb00388) 
thrown [s\src\hotspot\share\prims\jni.cpp, line 1106]
Event: 1065.737 Thread 0x0000029018cefc50 Exception <a 'java/lang/NoSuchMethodError'{0x00000000cfb1d4a0}: static Lorg/apache/spark/ShuffleDependency;.<clinit>()V> (0x00000000cfb1d4a0) 
thrown [s\src\hotspot\share\prims\jni.cpp, line 1106]
Event: 1065.739 Thread 0x0000029018cefc50 Exception <a 'java/lang/NoSuchMethodError'{0x00000000cfb30f00}: static Lorg/apache/spark/PartitionIdPassthrough;.<clinit>()V> (0x00000000cfb30f00) 
thrown [s\src\hotspot\share\prims\jni.cpp, line 1106]
Event: 1065.742 Thread 0x0000029018cefc50 Exception <a 'java/lang/NoSuchMethodError'{0x00000000cfb39af8}: static [Lorg/apache/spark/shuffle/checksum/RowBasedChecksum;.<clinit>()V> (0x00000000cfb39af8) 
thrown [s\src\hotspot\share\prims\jni.cpp, line 1106]
Event: 1065.746 Thread 0x0000029018cefc50 Exception <a 'java/lang/NoSuchMethodError'{0x00000000cfb46048}: static Lorg/apache/spark/sql/catalyst/expressions/UnsafeRowChecksum;.<clinit>()V> (0x00000000cfb46048) 
thrown [s\src\hotspot\share\prims\jni.cpp, line 1106]
Event: 1065.746 Thread 0x0000029018cefc50 Exception <a 'java/lang/NoSuchMethodError'{0x00000000cfb48dd0}: static Lorg/apache/spark/shuffle/checksum/RowBasedChecksum;.<clinit>()V> (0x00000000cfb48dd0) 
thrown [s\src\hotspot\share\prims\jni.cpp, line 1106]
Event: 1065.749 Thread 0x0000029018cefc50 Exception <a 'java/lang/NoSuchMethodError'{0x00000000cfb55d60}: static Lorg/apache/spark/sql/execution/UnsafeRowSerializer;.<clinit>()V> (0x00000000cfb55d60) 
thrown [s\src\hotspot\share\prims\jni.cpp, line 1106]
Event: 1065.753 Thread 0x0000029018cefc50 Exception <a 'java/lang/NoSuchMethodError'{0x00000000cfb66458}: static Lorg/apache/spark/shuffle/sort/BypassMergeSortShuffleHandle;.<clinit>()V> (0x00000000cfb66458) 
thrown [s\src\hotspot\share\prims\jni.cpp, line 1106]
Event: 1065.753 Thread 0x0000029018cefc50 Exception <a 'java/lang/NoSuchMethodError'{0x00000000cfb67358}: static Lorg/apache/spark/shuffle/BaseShuffleHandle;.<clinit>()V> (0x00000000cfb67358) 
thrown [s\src\hotspot\share\prims\jni.cpp, line 1106]
Event: 1065.753 Thread 0x0000029018cefc50 Exception <a 'java/lang/NoSuchMethodError'{0x00000000cfb683a0}: static Lorg/apache/spark/shuffle/ShuffleHandle;.<clinit>()V> (0x00000000cfb683a0) 
thrown [s\src\hotspot\share\prims\jni.cpp, line 1106]
Event: 1065.757 Thread 0x0000029018cefc50 Exception <a 'java/lang/NoSuchMethodError'{0x00000000cfb726d8}: static Lorg/apache/spark/sql/execution/exchange/ShuffleExchangeExec$$anon$3;.<clinit>()V> (0x00000000cfb726d8) 
thrown [s\src\hotspot\share\prims\jni.cpp, line 1106]
Event: 1065.758 Thread 0x0000029018cefc50 Exception <a 'java/lang/NoSuchMethodError'{0x00000000cfb74980}: static Lorg/apache/spark/shuffle/ShuffleWriteProcessor;.<clinit>()V> (0x00000000cfb74980) 
thrown [s\src\hotspot\share\prims\jni.cpp, line 1106]
Event: 1065.876 Thread 0x00000290177fb790 Exception <a 'java/lang/NoSuchMethodError'{0x00000000d11c0228}: static Lorg/apache/spark/scheduler/ShuffleMapTask;.<clinit>()V> (0x00000000d11c0228) 
thrown [s\src\hotspot\share\prims\jni.cpp, line 1106]
Event: 1162.380 Thread 0x00000290186e7cc0 Exception <a 'java/lang/NoSuchMethodError'{0x00000000cf3806a8}: 'java.lang.Object java.lang.invoke.DirectMethodHandle$Holder.newInvokeSpecial(java.lang.Object, java.lang.Object, java.lang.Object, long, java.lang.Object, java.lang.Object)'> (0x00000000cf3806a8) 
thrown [s\src\hotspot\share\interpreter\linkResolver.cpp, line 804]

VM Operations (20 events):
Event: 1104.623 Executing safepoint VM operation: G1PauseCleanup
Event: 1104.655 Executing safepoint VM operation: G1PauseCleanup done
Event: 1137.360 Executing safepoint VM operation: G1CollectForAllocation (G1 Evacuation Pause)
Event: 1137.509 Executing safepoint VM operation: G1CollectForAllocation (G1 Evacuation Pause) done
Event: 1142.614 Executing non-safepoint VM operation: HandshakeAllThreads (HandshakeForDeflation)
Event: 1142.616 Executing non-safepoint VM operation: HandshakeAllThreads (HandshakeForDeflation) done
Event: 1142.617 Executing non-safepoint VM operation: RendezvousGCThreads
Event: 1142.617 Executing non-safepoint VM operation: RendezvousGCThreads done
Event: 1174.088 Executing safepoint VM operation: G1CollectForAllocation (G1 Evacuation Pause)
Event: 1174.253 Executing safepoint VM operation: G1CollectForAllocation (G1 Evacuation Pause) done
Event: 1202.797 Executing non-safepoint VM operation: HandshakeAllThreads (HandshakeForDeflation)
Event: 1202.808 Executing non-safepoint VM operation: HandshakeAllThreads (HandshakeForDeflation) done
Event: 1202.809 Executing non-safepoint VM operation: RendezvousGCThreads
Event: 1202.809 Executing non-safepoint VM operation: RendezvousGCThreads done
Event: 1211.299 Executing safepoint VM operation: G1CollectForAllocation (G1 Evacuation Pause)
Event: 1211.561 Executing safepoint VM operation: G1CollectForAllocation (G1 Evacuation Pause) done
Event: 1213.963 Executing safepoint VM operation: G1PauseRemark
Event: 1214.721 Executing safepoint VM operation: G1PauseRemark done
Event: 1214.807 Executing safepoint VM operation: G1PauseCleanup
Event: 1214.807 Executing safepoint VM operation: G1PauseCleanup done

Memory protections (0 events):
No events

Nmethod flushes (20 events):
Event: 1214.458 Thread 0x0000029011a0ee30 flushing  nmethod 0x0000029007b93908
Event: 1214.464 Thread 0x0000029011a0ee30 flushing  nmethod 0x0000029007c5ad88
Event: 1214.470 Thread 0x0000029011a0ee30 flushing  nmethod 0x0000029007cd0f08
Event: 1214.470 Thread 0x0000029011a0ee30 flushing  nmethod 0x0000029007d2a508
Event: 1214.474 Thread 0x0000029011a0ee30 flushing  nmethod 0x0000029000035a88
Event: 1214.474 Thread 0x0000029011a0ee30 flushing  nmethod 0x0000029000061608
Event: 1214.474 Thread 0x0000029011a0ee30 flushing  nmethod 0x0000029000061e88
Event: 1214.488 Thread 0x0000029011a0ee30 flushing  nmethod 0x0000029000063408
Event: 1214.488 Thread 0x0000029011a0ee30 flushing  nmethod 0x0000029000104388
Event: 1214.492 Thread 0x0000029011a0ee30 flushing  nmethod 0x0000029000106f88
Event: 1214.492 Thread 0x0000029011a0ee30 flushing  nmethod 0x0000029000403708
Event: 1214.493 Thread 0x0000029011a0ee30 flushing  nmethod 0x00000290004d9488
Event: 1214.493 Thread 0x0000029011a0ee30 flushing  nmethod 0x00000290008e0408
Event: 1214.493 Thread 0x0000029011a0ee30 flushing  nmethod 0x00000290008e0f88
Event: 1214.493 Thread 0x0000029011a0ee30 flushing  nmethod 0x00000290008e2688
Event: 1214.493 Thread 0x0000029011a0ee30 flushing  nmethod 0x00000290009a5008
Event: 1214.493 Thread 0x0000029011a0ee30 flushing  nmethod 0x00000290009a6208
Event: 1214.493 Thread 0x0000029011a0ee30 flushing  nmethod 0x0000029000a3ba08
Event: 1214.501 Thread 0x0000029011a0ee30 flushing  nmethod 0x0000029000b82288
Event: 1214.501 Thread 0x0000029011a0ee30 flushing  nmethod 0x0000029000b94d08

Events (20 events):
Event: 1105.021 Thread 0x0000029018b84020 Thread added: 0x0000029018b8b550
Event: 1105.022 Thread 0x0000029018b84020 Thread added: 0x0000029018b8a5b0
Event: 1105.025 Thread 0x0000029018b8a5b0 Thread added: 0x0000029018b88e40
Event: 1105.028 Thread 0x0000029018b88e40 Thread added: 0x0000029018b8f3d0
Event: 1105.042 Thread 0x000002901822d100 Thread added: 0x0000029018b8ccc0
Event: 1105.047 Thread 0x0000029018b8ccc0 Thread added: 0x0000029018b8d490
Event: 1105.047 Thread 0x0000029018b8ccc0 Thread added: 0x0000029018b91310
Event: 1105.049 Thread 0x0000029018b91310 Thread added: 0x0000029018b8ec00
Event: 1105.055 Thread 0x0000029018b8ec00 Thread added: 0x0000029018b922b0
Event: 1125.569 Thread 0x0000029018b847f0 Thread exited: 0x0000029018b847f0
Event: 1165.091 Thread 0x0000029018b8f3d0 Thread exited: 0x0000029018b8f3d0
Event: 1165.092 Thread 0x0000029018b922b0 Thread exited: 0x0000029018b922b0
Event: 1165.097 Thread 0x0000029018b88e40 Thread exited: 0x0000029018b88e40
Event: 1165.097 Thread 0x0000029018b8a5b0 Thread exited: 0x0000029018b8a5b0
Event: 1165.102 Thread 0x0000029018b8b550 Thread exited: 0x0000029018b8b550
Event: 1165.109 Thread 0x0000029018b84020 Thread exited: 0x0000029018b84020
Event: 1165.117 Thread 0x0000029018b8ec00 Thread exited: 0x0000029018b8ec00
Event: 1165.138 Thread 0x0000029018b8ccc0 Thread exited: 0x0000029018b8ccc0
Event: 1165.145 Thread 0x0000029018b91310 Thread exited: 0x0000029018b91310
Event: 1165.145 Thread 0x0000029018b8d490 Thread exited: 0x0000029018b8d490


Dynamic libraries:
0x00007ff7b0350000 - 0x00007ff7b035e000 	C:\Program Files\Eclipse Adoptium\jdk-25.0.4.101-hotspot\bin\java.exe
0x00007ffa0b940000 - 0x00007ffa0bba7000 	C:\WINDOWS\SYSTEM32\ntdll.dll
0x00007ffa0a290000 - 0x00007ffa0a35b000 	C:\WINDOWS\System32\KERNEL32.DLL
0x00007ffa08d60000 - 0x00007ffa09162000 	C:\WINDOWS\System32\KERNELBASE.dll
0x00007ffa08b40000 - 0x00007ffa08c8c000 	C:\WINDOWS\System32\ucrtbase.dll
0x00007ff999f80000 - 0x00007ff999f96000 	C:\Program Files\Eclipse Adoptium\jdk-25.0.4.101-hotspot\bin\jli.dll
0x00007ff9988e0000 - 0x00007ff9988fe000 	C:\Program Files\Eclipse Adoptium\jdk-25.0.4.101-hotspot\bin\VCRUNTIME140.dll
0x00007ffa09760000 - 0x00007ffa0992f000 	C:\WINDOWS\System32\USER32.dll
0x00007ff9cf220000 - 0x00007ff9cf4b0000 	C:\WINDOWS\WinSxS\amd64_microsoft.windows.common-controls_6595b64144ccf1df_6.0.26100.9278_none_3e0d1ba8e3303201\COMCTL32.dll
0x00007ffa093b0000 - 0x00007ffa093d7000 	C:\WINDOWS\System32\win32u.dll
0x00007ffa0a170000 - 0x00007ffa0a219000 	C:\WINDOWS\System32\msvcrt.dll
0x00007ffa09df0000 - 0x00007ffa09e1b000 	C:\WINDOWS\System32\GDI32.dll
0x00007ffa09530000 - 0x00007ffa09659000 	C:\WINDOWS\System32\gdi32full.dll
0x00007ffa09170000 - 0x00007ffa09213000 	C:\WINDOWS\System32\msvcp_win.dll
0x00007ffa0a7c0000 - 0x00007ffa0a7f1000 	C:\WINDOWS\System32\IMM32.DLL
0x00007ff9dda00000 - 0x00007ff9dda0c000 	C:\Program Files\Eclipse Adoptium\jdk-25.0.4.101-hotspot\bin\vcruntime140_1.dll
0x00007ff984a00000 - 0x00007ff984a8d000 	C:\Program Files\Eclipse Adoptium\jdk-25.0.4.101-hotspot\bin\msvcp140.dll
0x00007ff921ac0000 - 0x00007ff9229f1000 	C:\Program Files\Eclipse Adoptium\jdk-25.0.4.101-hotspot\bin\server\jvm.dll
0x00007ffa0a000000 - 0x00007ffa0a0bc000 	C:\WINDOWS\System32\ADVAPI32.dll
0x00007ffa0a570000 - 0x00007ffa0a619000 	C:\WINDOWS\System32\sechost.dll
0x00007ffa0ac80000 - 0x00007ffa0ad98000 	C:\WINDOWS\System32\RPCRT4.dll
0x00007ffa0b7b0000 - 0x00007ffa0b830000 	C:\WINDOWS\System32\WS2_32.dll
0x00007ffa089c0000 - 0x00007ffa08a1e000 	C:\WINDOWS\SYSTEM32\POWRPROF.dll
0x00007ff9ee360000 - 0x00007ff9ee396000 	C:\WINDOWS\SYSTEM32\WINMM.dll
0x00007ff9f9ae0000 - 0x00007ff9f9aeb000 	C:\WINDOWS\SYSTEM32\VERSION.dll
0x00007ffa089a0000 - 0x00007ffa089b5000 	C:\WINDOWS\SYSTEM32\UMPDC.dll
0x00007ffa077d0000 - 0x00007ffa077eb000 	C:\WINDOWS\SYSTEM32\kernel.appcore.dll
0x00007ff9dc250000 - 0x00007ff9dc25a000 	C:\Program Files\Eclipse Adoptium\jdk-25.0.4.101-hotspot\bin\jimage.dll
0x00007ffa06060000 - 0x00007ffa062ac000 	C:\WINDOWS\SYSTEM32\DBGHELP.DLL
0x00007ffa0a800000 - 0x00007ffa0ab85000 	C:\WINDOWS\System32\combase.dll
0x00007ffa0aba0000 - 0x00007ffa0ac79000 	C:\WINDOWS\System32\OLEAUT32.dll
0x00007ff9d4450000 - 0x00007ff9d448b000 	C:\WINDOWS\SYSTEM32\dbgcore.DLL
0x00007ffa09470000 - 0x00007ffa0951c000 	C:\WINDOWS\System32\bcryptPrimitives.dll
0x00007ff998650000 - 0x00007ff99866e000 	C:\Program Files\Eclipse Adoptium\jdk-25.0.4.101-hotspot\bin\java.dll
0x00007ffa0a620000 - 0x00007ffa0a7ba000 	C:\WINDOWS\System32\ole32.dll
0x00007ffa0b010000 - 0x00007ffa0b7a8000 	C:\WINDOWS\System32\SHELL32.dll
0x00007ffa06560000 - 0x00007ffa06e0e000 	C:\WINDOWS\SYSTEM32\windows.storage.dll
0x00007ffa09660000 - 0x00007ffa0975b000 	C:\WINDOWS\System32\SHCORE.dll
0x00007ffa0afa0000 - 0x00007ffa0b006000 	C:\WINDOWS\System32\shlwapi.dll
0x00007ffa08a60000 - 0x00007ffa08a89000 	C:\WINDOWS\SYSTEM32\profapi.dll
0x00007ff998630000 - 0x00007ff998641000 	C:\Program Files\Eclipse Adoptium\jdk-25.0.4.101-hotspot\bin\net.dll
0x00007ffa07d70000 - 0x00007ffa07ddc000 	C:\WINDOWS\system32\mswsock.dll
0x00007ff9985d0000 - 0x00007ff9985e6000 	C:\Program Files\Eclipse Adoptium\jdk-25.0.4.101-hotspot\bin\nio.dll
0x00007ff9985b0000 - 0x00007ff9985c6000 	C:\Program Files\Eclipse Adoptium\jdk-25.0.4.101-hotspot\bin\zip.dll
0x00007ff9dbc40000 - 0x00007ff9dbc4a000 	C:\Program Files\Eclipse Adoptium\jdk-25.0.4.101-hotspot\bin\management.dll
0x00007ff9db320000 - 0x00007ff9db32c000 	C:\Program Files\Eclipse Adoptium\jdk-25.0.4.101-hotspot\bin\management_ext.dll
0x00007ffa0ab90000 - 0x00007ffa0ab98000 	C:\WINDOWS\System32\PSAPI.DLL
0x00007ff9d0d50000 - 0x00007ff9d0d68000 	C:\WINDOWS\system32\napinsp.dll
0x00007ffa07210000 - 0x00007ffa07368000 	C:\WINDOWS\SYSTEM32\DNSAPI.dll
0x00007ffa07b70000 - 0x00007ffa07b7d000 	C:\WINDOWS\SYSTEM32\DSPARSE.dll
0x00007ffa07180000 - 0x00007ffa071b3000 	C:\WINDOWS\SYSTEM32\IPHLPAPI.DLL
0x00007ffa0a280000 - 0x00007ffa0a28a000 	C:\WINDOWS\System32\NSI.dll
0x00007ff9d0bd0000 - 0x00007ff9d0be3000 	C:\WINDOWS\System32\winrnr.dll
0x00007ff9d0ba0000 - 0x00007ff9d0bc7000 	C:\WINDOWS\system32\nlansp_c.dll
0x00007ff9f8100000 - 0x00007ff9f8116000 	C:\WINDOWS\system32\wshbth.dll
0x00007ff9f97e0000 - 0x00007ff9f97eb000 	C:\Windows\System32\rasadhlp.dll
0x00007ff9fb910000 - 0x00007ff9fb996000 	C:\WINDOWS\System32\fwpuclnt.dll
0x00007ffa08190000 - 0x00007ffa081ab000 	C:\WINDOWS\SYSTEM32\CRYPTSP.dll
0x00007ffa07730000 - 0x00007ffa07769000 	C:\WINDOWS\system32\rsaenh.dll
0x00007ffa07e20000 - 0x00007ffa07e54000 	C:\WINDOWS\SYSTEM32\USERENV.dll
0x00007ffa08a30000 - 0x00007ffa08a5a000 	C:\WINDOWS\SYSTEM32\bcrypt.dll
0x00007ffa07fd0000 - 0x00007ffa07fdc000 	C:\WINDOWS\SYSTEM32\CRYPTBASE.dll
0x00007ff995590000 - 0x00007ff9955a9000 	C:\hadoop\bin\hadoop.dll
0x00007ff9dbf50000 - 0x00007ff9dbf6a000 	C:\WINDOWS\SYSTEM32\NETAPI32.dll
0x0000000077d20000 - 0x0000000077df2000 	C:\WINDOWS\SYSTEM32\MSVCR100.dll
0x00007ffa07370000 - 0x00007ffa073c0000 	C:\WINDOWS\SYSTEM32\AUTHZ.dll
0x00007ffa07160000 - 0x00007ffa0716d000 	C:\WINDOWS\SYSTEM32\NETUTILS.DLL
0x00007ffa070f0000 - 0x00007ffa0710c000 	C:\WINDOWS\SYSTEM32\SAMCLI.DLL
0x00007ff9d53f0000 - 0x00007ff9d53f9000 	C:\Program Files\Eclipse Adoptium\jdk-25.0.4.101-hotspot\bin\jaas.dll
0x00007ff9d0930000 - 0x00007ff9d0939000 	C:\Program Files\Eclipse Adoptium\jdk-25.0.4.101-hotspot\bin\extnet.dll
0x00007ff9cb100000 - 0x00007ff9cb10e000 	C:\Program Files\Eclipse Adoptium\jdk-25.0.4.101-hotspot\bin\sunmscapi.dll
0x00007ffa09220000 - 0x00007ffa0939e000 	C:\WINDOWS\System32\CRYPT32.dll
0x00007ffa08300000 - 0x00007ffa08330000 	C:\WINDOWS\SYSTEM32\ncrypt.dll
0x00007ffa082b0000 - 0x00007ffa082ef000 	C:\WINDOWS\SYSTEM32\NTASN1.dll
0x00007ff9db530000 - 0x00007ff9db538000 	C:\WINDOWS\system32\wshunix.dll
0x00007ffa07900000 - 0x00007ffa07936000 	C:\WINDOWS\SYSTEM32\ntmarta.dll
0x00007ff9ceb60000 - 0x00007ff9ceb70000 	C:\Program Files\Eclipse Adoptium\jdk-25.0.4.101-hotspot\bin\verify.dll
0x00007ff9944e0000 - 0x00007ff994528000 	C:\Users\user\AppData\Local\Temp\liblz4-java-921045184133740538.dll
0x0000000070fc0000 - 0x000000007108f000 	C:\Users\user\AppData\Local\Temp\snappy-1.1.10-bebf3a43-f08a-4f7d-acc4-11a70ff866df-snappyjava.dll

JVMTI agents: none

dbghelp: loaded successfully - version: 4.0.5 - missing functions: none
symbol engine: initialized successfully - sym options: 0x614 - pdb path: .;C:\Program Files\Eclipse Adoptium\jdk-25.0.4.101-hotspot\bin;C:\WINDOWS\SYSTEM32;C:\WINDOWS\WinSxS\amd64_microsoft.windows.common-controls_6595b64144ccf1df_6.0.26100.9278_none_3e0d1ba8e3303201;C:\Program Files\Eclipse Adoptium\jdk-25.0.4.101-hotspot\bin\server;C:\hadoop\bin;C:\Users\user\AppData\Local\Temp

VM Arguments:
jvm_args: -Xmx1g -XX:+IgnoreUnrecognizedVMOptions --add-modules=jdk.incubator.vector --add-opens=java.base/java.lang=ALL-UNNAMED --add-opens=java.base/java.lang.invoke=ALL-UNNAMED --add-opens=java.base/java.lang.reflect=ALL-UNNAMED --add-opens=java.base/java.io=ALL-UNNAMED --add-opens=java.base/java.net=ALL-UNNAMED --add-opens=java.base/java.nio=ALL-UNNAMED --add-opens=java.base/java.util=ALL-UNNAMED --add-opens=java.base/java.util.concurrent=ALL-UNNAMED --add-opens=java.base/java.util.concurrent.atomic=ALL-UNNAMED --add-opens=java.base/jdk.internal.ref=ALL-UNNAMED --add-opens=java.base/sun.nio.ch=ALL-UNNAMED --add-opens=java.base/sun.nio.cs=ALL-UNNAMED --add-opens=java.base/sun.security.action=ALL-UNNAMED --add-opens=java.base/sun.util.calendar=ALL-UNNAMED --add-opens=java.security.jgss/sun.security.krb5=ALL-UNNAMED -Dio.netty.tryReflectionSetAccessible=true -Dio.netty.allocator.type=pooled -Dio.netty.handler.ssl.defaultEndpointVerificationAlgorithm=NONE --sun-misc-unsafe-memory-access=allow --enable-native-access=ALL-UNNAMED -Dderby.connection.requireAuthentication=false 
java_command: org.apache.spark.deploy.SparkSubmit --conf spark.master=local[*] --conf spark.app.name=PostgreSQL_Test --conf spark.jars=C:\spark_jar\postgresql-42.7.13.jar pyspark-shell
java_class_path (initial): C:\Users\user\AppData\Local\Python\pythoncore-3.14-64\Lib\site-packages\pyspark\bin\..\conf;C:\Users\user\AppData\Local\Python\pythoncore-3.14-64\Lib\site-packages\pyspark\bin\..\jars\slf4j-api-2.0.17.jar;C:\Users\user\AppData\Local\Python\pythoncore-3.14-64\Lib\site-packages\pyspark\bin\..\jars\aircompressor-2.0.3.jar;C:\Users\user\AppData\Local\Python\pythoncore-3.14-64\Lib\site-packages\pyspark\bin\..\jars\algebra_2.13-2.8.0.jar;C:\Users\user\AppData\Local\Python\pythoncore-3.14-64\Lib\site-packages\pyspark\bin\..\jars\antlr-runtime-3.5.2.jar;C:\Users\user\AppData\Local\Python\pythoncore-3.14-64\Lib\site-packages\pyspark\bin\..\jars\antlr4-runtime-4.13.1.jar;C:\Users\user\AppData\Local\Python\pythoncore-3.14-64\Lib\site-packages\pyspark\bin\..\jars\aopalliance-repackaged-3.0.6.jar;C:\Users\user\AppData\Local\Python\pythoncore-3.14-64\Lib\site-packages\pyspark\bin\..\jars\arpack-3.2.0.jar;C:\Users\user\AppData\Local\Python\pythoncore-3.14-64\Lib\site-packages\pyspark\bin\..\jars\arpack_combined_all-0.1.jar;C:\Users\user\AppData\Local\Python\pythoncore-3.14-64\Lib\site-packages\pyspark\bin\..\jars\arrow-compression-19.0.0.jar;C:\Users\user\AppData\Local\Python\pythoncore-3.14-64\Lib\site-packages\pyspark\bin\..\jars\arrow-format-19.0.0.jar;C:\Users\user\AppData\Local\Python\pythoncore-3.14-64\Lib\site-packages\pyspark\bin\..\jars\arrow-memory-core-19.0.0.jar;C:\Users\user\AppData\Local\Python\pythoncore-3.14-64\Lib\site-packages\pyspark\bin\..\jars\arrow-memory-netty-19.0.0.jar;C:\Users\user\AppData\Local\Python\pythoncore-3.14-64\Lib\site-packages\pyspark\bin\..\jars\arrow-memory-netty-buffer-patch-19.0.0.jar;C:\Users\user\AppData\Local\Python\pythoncore-3.14-64\Lib\site-packages\pyspark\bin\..\jars\arrow-vector-19.0.0.jar;C:\Users\user\AppData\Local\Python\pythoncore-3.14-64\Lib\site-packages\pyspark\bin\..\jars\audience-annotations-0.12.0.jar;C:\Users\user\AppData\Local\Python\pythoncore-3.14-64\Lib\site-packages\pyspark\bin\..\jars\avro-1.12.1.jar;C:\Users\user\AppData\Local\Python\pythoncore-3.14-64\Lib\site-packages\pyspark\bin\..\jars\avro-ipc-1.12.1.jar;C:\Users\user\AppData\Local\Python\pythoncore-3.14-64\Lib\site-packages\pyspark\bin\..\jars\avro-mapred-1.12.1.jar;C:\Users\user\AppData\Local\Python\pythoncore-3.14-64\Lib\site-packages\pyspark\bin\..\jars\blas-3.2.0.jar;C:\Users\user\AppData\Local\Python\pythoncore-3.14-64\Lib\site-packages\pyspark\bin\..\jars\breeze-macros_2.13-2.1.0.jar;C:\Users\user\AppData\Local\Python\pythoncore-3.14-64\Lib\site-packages\pyspark\bin\..\jars\breeze_2.13-2.1.0.jar;C:\Users\user\AppData\Local\Python\pythoncore-3.14-64\Lib\site-packages\pyspark\bin\..\jars\cats-kernel_2.13-2.8.0.jar;C:\Users\user\AppData\Local\Python\pythoncore-3.14-64\Lib\site-packages\pyspark\bin\..\jars\chill-java-0.10.0.jar;C:\Users\user\AppData\Local\Python\pythoncore-3.14-64\Lib\site-packages\pyspark\bin\..\jars\chill_2.13-0.10.0.jar;C:\Users\user\AppData\Local\Python\pythoncore-3.14-64\Lib\site-packages\pyspark\bin\..\jars\commons-cli-1.11.0.jar;C:\Users\user\AppData\Local\Python\pythoncore-3.14-64\Lib\site-packages\pyspark\bin\..\jars\commons-codec-1.22.0.jar;C:\Users\user\AppData\Local\Python\pythoncore-3.14-64\Lib\site-packages\pyspark\bin\..\jars\commons-collections4-4.5.0.jar;C:\Users\user\AppData\Local\Python\pythoncore-3.14-64\Lib\site-packages\pyspark\bin\..\jars\commons-compiler-3.1.9.jar;C:\Users\user\AppData\Local\Python\pythoncore-3.14-64\Lib\site-packages\pyspark\bin\..\jars\commons-compress-1.28.0.jar;C:\Users\user\AppData\Local\Python\pythoncore-3.14-64\Lib\site-packages\pyspark\bin\..\jars\commons-crypto-1.1.0.jar;C:\Users\user\AppData\Local\Python\pythoncore-3.14-64\Lib\site-packages\pyspark\bin\..\jars\commons-dbcp-1.4.jar;C:\Users\user\AppData\Local\Python\pythoncore-3.14-64\Lib\site-packages\pyspark\bin\..\jars\commons-io-2.22.0.jar;C:\Users\user\AppData\Local\Python\pythoncore-3.14-64\Lib\site-packages\pyspark\bin\..\jars\commons-lang-2.6.jar;C:\Users\user\AppData\Local\Python\pythoncore-3.14-64\Lib\site-packages\pyspark\bin\..\jars\commons-lang3-3.20.0.jar;C:\Users\user\AppData\Local\Python\pythoncore-3.14-64\Lib\site-packages\pyspark\bin\..\jars\commons-math3-3.6.1.jar;C:\Users\user\AppData\Local\Python\pythoncore-3.14-64\Lib\site-packages\pyspark\bin\..\jars\commons-pool-1.5.4.jar;C:\Users\user\AppData\Local\Python\pythoncore-3.14-64\Lib\site-packages\pyspark\bin\..\jars\commons-text-1.15.0.jar;C:\Users\user\AppData\Local\Python\pythoncore-3.14-64\Lib\site-packages\pyspark\bin\..\jars\compress-lzf-1.2.0.jar;C:\Users\user\AppData\Local\Python\pythoncore-3.14-64\Lib\site-packages\pyspark\bin\..\jars\curator-client-5.9.0.jar;C:\Users\user\AppData\Local\Python\pythoncore-3.14-64\Lib\site-packages\pyspark\bin\..\jars\curator-framework-5.9.0.jar;C:\Users\user\AppData\Local\Python\pythoncore-3.14-64\Lib\site-packages\pyspark\bin\..\jars\curator-recipes-5.9.0.jar;C:\Users\user\AppData\Local\Python\pythoncore-3.14-64\Lib\site-packages\pyspark\bin\..\jars\datanucleus-api-jdo-4.2.4.jar;C:\Users\user\AppData\Local\Python\pythoncore-3.14-64\Lib\site-packages\pyspark\bin\..\jars\datanucleus-core-4.1.17.jar;C:\Users\user\AppData\Local\Python\pythoncore-3.14-64\Lib\site-packages\pyspark\bin\..\jars\datanucleus-rdbms-4.1.19.jar;C:\Users\user\AppData\Local\Python\pythoncore-3.14-64\Lib\site-packages\pyspark\bin\..\jars\datasketches-java-6.2.0.jar;C:\Users\user\AppData\Local\Python\pythoncore-3.14-64\Lib\site-packages\pyspark\bin\..\jars\datasketches-memory-3.0.2.jar;C:\Users\user\AppData\Local\Python\pythoncore-3.14-64\Lib\site-packages\pyspark\bin\..\jars\derby-10.16.1.1.jar;C:\Users\user\AppData\Local\Python\pythoncore-3.14-64\Lib\site-packages\pyspark\bin\..\jars\derbyshared-10.16.1.1.jar;C:\Users\user\AppData\Local\Python\pythoncore-3.14-64\Lib\site-packages\pyspark\bin\..\jars\derbytools-10.16.1.1.jar;C:\Users\user\AppData\Local\Python\pythoncore-3.14-64\Lib\site-packages\pyspark\bin\..\jars\dropwizard-metrics-hadoop-metrics2-reporter-0.1.2.jar;C:\Users\user\AppData\Local\Python\pythoncore-3.14-64\Lib\site-packages\pyspark\bin\..\jars\failureaccess-1.0.3.jar;C:\Users\user\AppData\Local\Python\pythoncore-3.14-64\Lib\site-packages\pyspark\bin\..\jars\flatbuffers-java-25.2.10.jar;C:\Users\user\AppData\Local\Python\pythoncore-3.14-64\Lib\site-packages\pyspark\bin\..\jars\gson-2.13.2.jar;C:\Users\user\AppData\Local\Python\pythoncore-3.14-64\Lib\site-packages\pyspark\bin\..\jars\guava-33.6.0-jre.jar;C:\Users\user\AppData\Local\Python\pythoncore-3.14-64\Lib\site-packages\pyspark\bin\..\jars\hadoop-client-api-3.5.0.jar;C:\Users\user\AppData\Local\Python\pythoncore-3.14-64\Lib\site-packages\pyspark\bin\..\jars\hadoop-client-runtime-3.5.0.jar;C:\Users\user\AppData\Local\Python\pythoncore-3.14-64\Lib\site-packages\pyspark\bin\..\jars\HikariCP-2.5.1.jar;C:\Users\user\AppData\Local\Python\pythoncore-3.14-64\Lib\site-packages\pyspark\bin\..\jars\hive-beeline-2.3.10.jar;C:\Users\user\AppData\Local\Python\pythoncore-3.14-64\Lib\site-packages\pyspark\bin\..\jars\hive-cli-2.3.10.jar;C:\Users\user\AppData\Local\Python\pythoncore-3.14-64\Lib\site-packages\pyspark\bin\..\jars\hive-common-2.3.10.jar;C:\Users\user\AppData\Local\Python\pythoncore-3.14-64\Lib\site-packages\pyspark\bin\..\jars\hive-exec-2.3.10-core.jar;C:\Users\user\AppData\Local\Python\pythoncore-3.14-64\Lib\site-packages\pyspark\bin\..\jars\hive-jdbc-2.3.10.jar;C:\Users\user\AppData\Local\Python\pythoncore-3.14-64\Lib\site-packages\pyspark\bin\..\jars\hive-metastore-2.3.10.jar;C:\Users\user\AppData\Local\Python\pythoncore-3.14-64\Lib\site-packages\pyspark\bin\..\jars\hive-serde-2.3.10.jar;C:\Users\user\AppData\Local\Python\pythoncore-3.14-64\Lib\site-packages\pyspark\bin\..\jars\hive-service-rpc-4.0.0.jar;C:\Users\user\AppData\Local\Python\pythoncore-3.14-64\Lib\site-packages\pyspark\bin\..\jars\hive-shims-0.23-2.3.10.jar;C:\Users\user\AppData\Local\Python\pythoncore-3.14-64\Lib\site-packages\pyspark\bin\..\jars\hive-shims-2.3.10.jar;C:\Users\user\AppData\Local\Python\pythoncore-3.14-64\Lib\site-packages\pyspark\bin\..\jars\hive-shims-common-2.3.10.jar;C:\Users\user\AppData\Local\Python\pythoncore-3.14-64\Lib\site-packages\pyspark\bin\..\jars\hive-shims-scheduler-2.3.10.jar;C:\Users\user\AppData\Local\Python\pythoncore-3.14-64\Lib\site-packages\pyspark\bin\..\jars\hive-storage-api-2.8.1.jar;C:\Users\user\AppData\Local\Python\pythoncore-3.14-64\Lib\site-packages\pyspark\bin\..\jars\hk2-api-3.0.6.jar;C:\Users\user\AppData\Local\Python\pythoncore-3.14-64\Lib\site-packages\pyspark\bin\..\jars\hk2-locator-3.0.6.jar;C:\Users\user\AppData\Local\Python\pythoncore-3.14-64\Lib\site-packages\pyspark\bin\..\jars\hk2-utils-3.0.6.jar;C:\Users\user\AppData\Local\Python\pythoncore-3.14-64\Lib\site-packages\pyspark\bin\..\jars\httpclient-4.5.14.jar;C:\Users\user\AppData\Local\Python\pythoncore-3.14-64\Lib\site-packages\pyspark\bin\..\jars\httpcore-4.4.16.jar;C:\Users\user\AppData\Local\Python\pythoncore-3.14-64\Lib\site-packages\pyspark\bin\..\jars\icu4j-78.3.jar;C:\Users\user\AppData\Local\Python\pythoncore-3.14-64\Lib\site-packages\pyspark\bin\..\jars\istack-commons-runtime-4.1.2.jar;C:\Users\user\AppData\Local\Python\pythoncore-3.14-64\Lib\site-packages\pyspark\bin\..\jars\ivy-2.5.3.jar;C:\Users\user\AppData\Local\Python\pythoncore-3.14-64\Lib\site-packages\pyspark\bin\..\jars\jackson-annotations-2.21.jar;C:\Users\user\AppData\Local\Python\pythoncore-3.14-64\Lib\site-packages\pyspark\bin\..\jars\jackson-core-2.21.2.jar;C:\Users\user\AppData\Local\Python\pythoncore-3.14-64\Lib\site-packages\pyspark\bin\..\jars\jackson-databind-2.21.2.jar;C:\Users\user\AppData\Local\Python\pythoncore-3.14-64\Lib\site-packages\pyspark\bin\..\jars\jackson-dataformat-yaml-2.21.2.jar;C:\Users\user\AppData\Local\Python\pythoncore-3.14-64\Lib\site-packages\pyspark\bin\..\jars\jackson-datatype-jsr310-2.21.2.jar;C:\Users\user\AppData\Local\Python\pythoncore-3.14-64\Lib\site-packages\pyspark\bin\..\jars\jackson-module-scala_2.13-2.21.2.jar;C:\Users\user\AppData\Local\Python\pythoncore-3.14-64\Lib\site-packages\pyspark\bin\..\jars\jakarta.activation-api-2.1.4.jar;C:\Users\user\AppData\Local\Python\pythoncore-3.14-64\Lib\site-packages\pyspark\bin\..\jars\jakarta.annotation-api-2.1.1.jar;C:\Users\user\AppData\Local\Python\pythoncore-3.14-64\Lib\site-packages\pyspark\bin\..\jars\jakarta.inject-api-2.0.1.jar;C:\Users\user\AppData\Local\Python\pythoncore-3.14-64\Lib\site-packages\pyspark\bin\..\jars\jakarta.servlet-api-6.0.0.jar;C:\Users\user\AppData\Local\Python\pythoncore-3.14-64\Lib\site-packages\pyspark\bin\..\jars\jakarta.validation-api-3.0.2.jar;C:\Users\user\AppData\Local\Python\pythoncore-3.14-64\Lib\site-packages\pyspark\bin\..\jars\jakarta.ws.rs-api-3.1.0.jar;C:\Users\user\AppData\Local\Python\pythoncore-3.14-64\Lib\site-packages\pyspark\bin\..\jars\jakarta.xml.bind-api-4.0.5.jar;C:\Users\user\AppData\Local\Python\pythoncore-3.14-64\Lib\site-packages\pyspark\bin\..\jars\janino-3.1.9.jar;C:\Users\user\AppData\Local\Python\pythoncore-3.14-64\Lib\site-packages\pyspark\bin\..\jars\java-diff-utils-4.16.jar;C:\Users\user\AppData\Local\Python\pythoncore-3.14-64\Lib\site-packages\pyspark\bin\..\jars\javassist-3.30.2-GA.jar;C:\Users\user\AppData\Local\Python\pythoncore-3.14-64\Lib\site-packages\pyspark\bin\..\jars\javax.jdo-3.2.0-m3.jar;C:\Users\user\AppData\Local\Python\pythoncore-3.14-64\Lib\site-packages\pyspark\bin\..\jars\javax.servlet-api-4.0.1.jar;C:\Users\user\AppData\Local\Python\pythoncore-3.14-64\Lib\site-packages\pyspark\bin\..\jars\javolution-5.5.1.jar;C:\Users\user\AppData\Local\Python\pythoncore-3.14-64\Lib\site-packages\pyspark\bin\..\jars\jaxb-core-4.0.6.jar;C:\Users\user\AppData\Local\Python\pythoncore-3.14-64\Lib\site-packages\pyspark\bin\..\jars\jaxb-runtime-4.0.6.jar;C:\Users\user\AppData\Local\Python\pythoncore-3.14-64\Lib\site-packages\pyspark\bin\..\jars\jcl-over-slf4j-2.0.17.jar;C:\Users\user\AppData\Local\Python\pythoncore-3.14-64\Lib\site-packages\pyspark\bin\..\jars\jdo-api-3.0.1.jar;C:\Users\user\AppData\Local\Python\pythoncore-3.14-64\Lib\site-packages\pyspark\bin\..\jars\jersey-client-3.1.11.jar;C:\Users\user\AppData\Local\Python\pythoncore-3.14-64\Lib\site-packages\pyspark\bin\..\jars\jersey-common-3.1.11.jar;C:\Users\user\AppData\Local\Python\pythoncore-3.14-64\Lib\site-packages\pyspark\bin\..\jars\jersey-container-servlet-3.1.11.jar;C:\Users\user\AppData\Local\Python\pythoncore-3.14-64\Lib\site-packages\pyspark\bin\..\jars\jersey-container-servlet-core-3.1.11.jar;C:\Users\user\AppData\Local\Python\pythoncore-3.14-64\Lib\site-packages\pyspark\bin\..\jars\jersey-hk2-3.1.11.jar;C:\Users\user\AppData\Local\Python\pythoncore-3.14-64\Lib\site-packages\pyspark\bin\..\jars\jersey-server-3.1.11.jar;C:\Users\user\AppData\Local\Python\pythoncore-3.14-64\Lib\site-packages\pyspark\bin\..\jars\jjwt-api-0.13.0.jar;C:\Users\user\AppData\Local\Python\pythoncore-3.14-64\Lib\site-packages\pyspark\bin\..\jars\jjwt-impl-0.13.0.jar;C:\Users\user\AppData\Local\Python\pythoncore-3.14-64\Lib\site-packages\pyspark\bin\..\jars\jjwt-jackson-0.13.0.jar;C:\Users\user\AppData\Local\Python\pythoncore-3.14-64\Lib\site-packages\pyspark\bin\..\jars\JLargeArrays-1.5.jar;C:\Users\user\AppData\Local\Python\pythoncore-3.14-64\Lib\site-packages\pyspark\bin\..\jars\jline-2.14.6.jar;C:\Users\user\AppData\Local\Python\pythoncore-3.14-64\Lib\site-packages\pyspark\bin\..\jars\jline-3.29.0-jdk8.jar;C:\Users\user\AppData\Local\Python\pythoncore-3.14-64\Lib\site-packages\pyspark\bin\..\jars\joda-time-2.14.1.jar;C:\Users\user\AppData\Local\Python\pythoncore-3.14-64\Lib\site-packages\pyspark\bin\..\jars\jpam-1.1.jar;C:\Users\user\AppData\Local\Python\pythoncore-3.14-64\Lib\site-packages\pyspark\bin\..\jars\json-1.8.jar;C:\Users\user\AppData\Local\Python\pythoncore-3.14-64\Lib\site-packages\pyspark\bin\..\jars\json4s-ast_2.13-4.0.7.jar;C:\Users\user\AppData\Local\Python\pythoncore-3.14-64\Lib\site-packages\pyspark\bin\..\jars\json4s-core_2.13-4.0.7.jar;C:\Users\user\AppData\Local\Python\pythoncore-3.14-64\Lib\site-packages\pyspark\bin\..\jars\json4s-jackson-core_2.13-4.0.7.jar;C:\Users\user\AppData\Local\Python\pythoncore-3.14-64\Lib\site-packages\pyspark\bin\..\jars\json4s-jackson_2.13-4.0.7.jar;C:\Users\user\AppData\Local\Python\pythoncore-3.14-64\Lib\site-packages\pyspark\bin\..\jars\json4s-scalap_2.13-4.0.7.jar;C:\Users\user\AppData\Local\Python\pythoncore-3.14-64\Lib\site-packages\pyspark\bin\..\jars\jsr305-3.0.0.jar;C:\Users\user\AppData\Local\Python\pythoncore-3.14-64\Lib\site-packages\pyspark\bin\..\jars\jta-1.1.jar;C:\Users\user\AppData\Local\Python\pythoncore-3.14-64\Lib\site-packages\pyspark\bin\..\jars\JTransforms-3.1.jar;C:\Users\user\AppData\Local\Python\pythoncore-3.14-64\Lib\site-packages\pyspark\bin\..\jars\jts-core-1.20.0.jar;C:\Users\user\AppData\Local\Python\pythoncore-3.14-64\Lib\site-packages\pyspark\bin\..\jars\jul-to-slf4j-2.0.17.jar;C:\Users\user\AppData\Local\Python\pythoncore-3.14-64\Lib\site-packages\pyspark\bin\..\jars\kryo-shaded-4.0.3.jar;C:\Users\user\AppData\Local\Python\pythoncore-3.14-64\Lib\site-packages\pyspark\bin\..\jars\kubernetes-client-7.6.1.jar;C:\Users\user\AppData\Local\Python\pythoncore-3.14-64\Lib\site-packages\pyspark\bin\..\jars\kubernetes-client-api-7.6.1.jar;C:\Users\user\AppData\Local\Python\pythoncore-3.14-64\Lib\site-packages\pyspark\bin\..\jars\kubernetes-httpclient-vertx-7.6.1.jar;C:\Users\user\AppData\Local\Python\pythoncore-3.14-64\Lib\site-packages\pyspark\bin\..\jars\kubernetes-model-admissionregistration-7.6.1.jar;C:\Users\user\AppData\Local\Python\pythoncore-3.14-64\Lib\site-packages\pyspark\bin\..\jars\kubernetes-model-apiextensions-7.6.1.jar;C:\Users\user\AppData\Local\Python\pythoncore-3.14-64\Lib\site-packages\pyspark\bin\..\jars\kubernetes-model-apps-7.6.1.jar;C:\Users\user\AppData\Local\Python\pythoncore-3.14-64\Lib\site-packages\pyspark\bin\..\jars\kubernetes-model-autoscaling-7.6.1.jar;C:\Users\user\AppData\Local\Python\pythoncore-3.14-64\Lib\site-packages\pyspark\bin\..\jars\kubernetes-model-batch-7.6.1.jar;C:\Users\user\AppData\Local\Python\pythoncore-3.14-64\Lib\site-packages\pyspark\bin\..\jars\kubernetes-model-certificates-7.6.1.jar;C:\Users\user\AppData\Local\Python\pythoncore-3.14-64\Lib\site-packages\pyspark\bin\..\jars\kubernetes-model-common-7.6.1.jar;C:\Users\user\AppData\Local\Python\pythoncore-3.14-64\Lib\site-packages\pyspark\bin\..\jars\kubernetes-model-coordination-7.6.1.jar;C:\Users\user\AppData\Local\Python\pythoncore-3.14-64\Lib\site-packages\pyspark\bin\..\jars\kubernetes-model-core-7.6.1.jar;C:\Users\user\AppData\Local\Python\pythoncore-3.14-64\Lib\site-packages\pyspark\bin\..\jars\kubernetes-model-discovery-7.6.1.jar;C:\Users\user\AppData\Local\Python\pythoncore-3.14-64\Lib\site-packages\pyspark\bin\..\jars\kubernetes-model-events-7.6.1.jar;C:\Users\user\AppData\Local\Python\pythoncore-3.14-64\Lib\site-packages\pyspark\bin\..\jars\kubernetes-model-extensions-7.6.1.jar;C:\Users\user\AppData\Local\Python\pythoncore-3.14-64\Lib\site-packages\pyspark\bin\..\jars\kubernetes-model-flowcontrol-7.6.1.jar;C:\Users\user\AppData\Local\Python\pythoncore-3.14-64\Lib\site-packages\pyspark\bin\..\jars\kubernetes-model-gatewayapi-7.6.1.jar;C:\Users\user\AppData\Local\Python\pythoncore-3.14-64\Lib\site-packages\pyspark\bin\..\jars\kubernetes-model-metrics-7.6.1.jar;C:\Users\user\AppData\Local\Python\pythoncore-3.14-64\Lib\site-packages\pyspark\bin\..\jars\kubernetes-model-networking-7.6.1.jar;C:\Users\user\AppData\Local\Python\pythoncore-3.14-64\Lib\site-packages\pyspark\bin\..\jars\kubernetes-model-node-7.6.1.jar;C:\Users\user\AppData\Local\Python\pythoncore-3.14-64\Lib\site-packages\pyspark\bin\..\jars\kubernetes-model-policy-7.6.1.jar;C:\Users\user\AppData\Local\Python\pythoncore-3.14-64\Lib\site-packages\pyspark\bin\..\jars\kubernetes-model-rbac-7.6.1.jar;C:\Users\user\AppData\Local\Python\pythoncore-3.14-64\Lib\site-packages\pyspark\bin\..\jars\kubernetes-model-resource-7.6.1.jar;C:\Users\user\AppData\Local\Python\pythoncore-3.14-64\Lib\site-packages\pyspark\bin\..\jars\kubernetes-model-scheduling-7.6.1.jar;C:\Users\user\AppData\Local\Python\pythoncore-3.14-64\Lib\site-packages\pyspark\bin\..\jars\kubernetes-model-storageclass-7.6.1.jar;C:\Users\user\AppData\Local\Python\pythoncore-3.14-64\Lib\site-packages\pyspark\bin\..\jars\lapack-3.2.0.jar;C:\Users\user\AppData\Local\Python\pythoncore-3.14-64\Lib\site-packages\pyspark\bin\..\jars\leveldbjni-all-1.8.jar;C:\Users\user\AppData\Local\Python\pythoncore-3.14-64\Lib\site-packages\pyspark\bin\..\jars\libfb303-0.9.3.jar;C:\Users\user\AppData\Local\Python\pythoncore-3.14-64\Lib\site-packages\pyspark\bin\..\jars\libthrift-0.16.0.jar;C:\Users\user\AppData\Local\Python\pythoncore-3.14-64\Lib\site-packages\pyspark\bin\..\jars\log4j-1.2-api-2.25.4.jar;C:\Users\user\AppData\Local\Python\pythoncore-3.14-64\Lib\site-packages\pyspark\bin\..\jars\log4j-api-2.25.4.jar;C:\Users\user\AppData\Local\Python\pythoncore-3.14-64\Lib\site-packages\pyspark\bin\..\jars\log4j-core-2.25.4.jar;C:\Users\user\AppData\Local\Python\pythoncore-3.14-64\Lib\site-packages\pyspark\bin\..\jars\log4j-layout-template-json-2.25.4.jar;C:\Users\user\AppData\Local\Python\pythoncore-3.14-64\Lib\site-packages\pyspark\bin\..\jars\log4j-slf4j2-impl-2.25.4.jar;C:\Users\user\AppData\Local\Python\pythoncore-3.14-64\Lib\site-packages\pyspark\bin\..\jars\lz4-java-1.11.0.jar;C:\Users\user\AppData\Local\Python\pythoncore-3.14-64\Lib\site-packages\pyspark\bin\..\jars\metrics-core-4.2.37.jar;C:\Users\user\AppData\Local\Python\pythoncore-3.14-64\Lib\site-packages\pyspark\bin\..\jars\metrics-graphite-4.2.37.jar;C:\Users\user\AppData\Local\Python\pythoncore-3.14-64\Lib\site-packages\pyspark\bin\..\jars\metrics-jmx-4.2.37.jar;C:\Users\user\AppData\Local\Python\pythoncore-3.14-64\Lib\site-packages\pyspark\bin\..\jars\metrics-json-4.2.37.jar;C:\Users\user\AppData\Local\Python\pythoncore-3.14-64\Lib\site-packages\pyspark\bin\..\jars\metrics-jvm-4.2.37.jar;C:\Users\user\AppData\Local\Python\pythoncore-3.14-64\Lib\site-packages\pyspark\bin\..\jars\minlog-1.3.0.jar;C:\Users\user\AppData\Local\Python\pythoncore-3.14-64\Lib\site-packages\pyspark\bin\..\jars\netty-all-4.2.13.Final.jar;C:\Users\user\AppData\Local\Python\pythoncore-3.14-64\Lib\site-packages\pyspark\bin\..\jars\netty-buffer-4.2.13.Final.jar;C:\Users\user\AppData\Local\Python\pythoncore-3.14-64\Lib\site-packages\pyspark\bin\..\jars\netty-codec-4.2.13.Final.jar;C:\Users\user\AppData\Local\Python\pythoncore-3.14-64\Lib\site-packages\pyspark\bin\..\jars\netty-codec-base-4.2.13.Final.jar;C:\Users\user\AppData\Local\Python\pythoncore-3.14-64\Lib\site-packages\pyspark\bin\..\jars\netty-codec-compression-4.2.13.Final.jar;C:\Users\user\AppData\Local\Python\pythoncore-3.14-64\Lib\site-packages\pyspark\bin\..\jars\netty-codec-dns-4.2.13.Final.jar;C:\Users\user\AppData\Local\Python\pythoncore-3.14-64\Lib\site-packages\pyspark\bin\..\jars\netty-codec-http-4.2.13.Final.jar;C:\Users\user\AppData\Local\Python\pythoncore-3.14-64\Lib\site-packages\pyspark\bin\..\jars\netty-codec-http2-4.2.13.Final.jar;C:\Users\user\AppData\Local\Python\pythoncore-3.14-64\Lib\site-packages\pyspark\bin\..\jars\netty-codec-socks-4.2.13.Final.jar;C:\Users\user\AppData\Local\Python\pythoncore-3.14-64\Lib\site-packages\pyspark\bin\..\jars\netty-common-4.2.13.Final.jar;C:\Users\user\AppData\Local\Python\pythoncore-3.14-64\Lib\site-packages\pyspark\bin\..\jars\netty-handler-4.2.13.Final.jar;C:\Users\user\AppData\Local\Python\pythoncore-3.14-64\Lib\site-packages\pyspark\bin\..\jars\netty-handler-proxy-4.2.13.Final.jar;C:\Users\user\AppData\Local\Python\pythoncore-3.14-64\Lib\site-packages\pyspark\bin\..\jars\netty-resolver-4.2.13.Final.jar;C:\Users\user\AppData\Local\Python\pythoncore-3.14-64\Lib\site-packages\pyspark\bin\..\jars\netty-resolver-dns-4.2.13.Final.jar;C:\Users\user\AppData\Local\Python\pythoncore-3.14-64\Lib\site-packages\pyspark\bin\..\jars\netty-tcnative-boringssl-static-2.0.76.Final-linux-aarch_64.jar;C:\Users\user\AppData\Local\Python\pythoncore-3.14-64\Lib\site-packages\pyspark\bin\..\jars\netty-tcnative-boringssl-static-2.0.76.Final-linux-x86_64.jar;C:\Users\user\AppData\Local\Python\pythoncore-3.14-64\Lib\site-packages\pyspark\bin\..\jars\netty-tcnative-boringssl-static-2.0.76.Final-osx-aarch_64.jar;C:\Users\user\AppData\Local\Python\pythoncore-3.14-64\Lib\site-packages\pyspark\bin\..\jars\netty-tcnative-boringssl-static-2.0.76.Final-osx-x86_64.jar;C:\Users\user\AppData\Local\Python\pythoncore-3.14-64\Lib\site-packages\pyspark\bin\..\jars\netty-tcnative-boringssl-static-2.0.76.Final-windows-x86_64.jar;C:\Users\user\AppData\Local\Python\pythoncore-3.14-64\Lib\site-packages\pyspark\bin\..\jars\netty-tcnative-classes-2.0.76.Final.jar;C:\Users\user\AppData\Local\Python\pythoncore-3.14-64\Lib\site-packages\pyspark\bin\..\jars\netty-transport-4.2.13.Final.jar;C:\Users\user\AppData\Local\Python\pythoncore-3.14-64\Lib\site-packages\pyspark\bin\..\jars\netty-transport-classes-epoll-4.2.13.Final.jar;C:\Users\user\AppData\Local\Python\pythoncore-3.14-64\Lib\site-packages\pyspark\bin\..\jars\netty-transport-classes-kqueue-4.2.13.Final.jar;C:\Users\user\AppData\Local\Python\pythoncore-3.14-64\Lib\site-packages\pyspark\bin\..\jars\netty-transport-native-epoll-4.2.13.Final-linux-aarch_64.jar;C:\Users\user\AppData\Local\Python\pythoncore-3.14-64\Lib\site-packages\pyspark\bin\..\jars\netty-transport-native-epoll-4.2.13.Final-linux-riscv64.jar;C:\Users\user\AppData\Local\Python\pythoncore-3.14-64\Lib\site-packages\pyspark\bin\..\jars\netty-transport-native-epoll-4.2.13.Final-linux-x86_64.jar;C:\Users\user\AppData\Local\Python\pythoncore-3.14-64\Lib\site-packages\pyspark\bin\..\jars\netty-transport-native-kqueue-4.2.13.Final-osx-aarch_64.jar;C:\Users\user\AppData\Local\Python\pythoncore-3.14-64\Lib\site-packages\pyspark\bin\..\jars\netty-transport-native-kqueue-4.2.13.Final-osx-x86_64.jar;C:\Users\user\AppData\Local\Python\pythoncore-3.14-64\Lib\site-packages\pyspark\bin\..\jars\netty-transport-native-unix-common-4.2.13.Final.jar;C:\Users\user\AppData\Local\Python\pythoncore-3.14-64\Lib\site-packages\pyspark\bin\..\jars\objenesis-3.5.jar;C:\Users\user\AppData\Local\Python\pythoncore-3.14-64\Lib\site-packages\pyspark\bin\..\jars\opencsv-2.3.jar;C:\Users\user\AppData\Local\Python\pythoncore-3.14-64\Lib\site-packages\pyspark\bin\..\jars\orc-core-2.3.0-shaded-protobuf.jar;C:\Users\user\AppData\Local\Python\pythoncore-3.14-64\Lib\site-packages\pyspark\bin\..\jars\orc-format-1.1.1-shaded-protobuf.jar;C:\Users\user\AppData\Local\Python\pythoncore-3.14-64\Lib\site-packages\pyspark\bin\..\jars\orc-mapreduce-2.3.0-shaded-protobuf.jar;C:\Users\user\AppData\Local\Python\pythoncore-3.14-64\Lib\site-packages\pyspark\bin\..\jars\orc-shims-2.3.0.jar;C:\Users\user\AppData\Local\Python\pythoncore-3.14-64\Lib\site-packages\pyspark\bin\..\jars\oro-2.0.8.jar;C:\Users\user\AppData\Local\Python\pythoncore-3.14-64\Lib\site-packages\pyspark\bin\..\jars\osgi-resource-locator-1.0.3.jar;C:\Users\user\AppData\Local\Python\pythoncore-3.14-64\Lib\site-packages\pyspark\bin\..\jars\paranamer-2.8.3.jar;C:\Users\user\AppData\Local\Python\pythoncore-3.14-64\Lib\site-packages\pyspark\bin\..\jars\parquet-column-1.17.0.jar;C:\Users\user\AppData\Local\Python\pythoncore-3.14-64\Lib\site-packages\pyspark\bin\..\jars\parquet-common-1.17.0.jar;C:\Users\user\AppData\Local\Python\pythoncore-3.14-64\Lib\site-packages\pyspark\bin\..\jars\parquet-encoding-1.17.0.jar;C:\Users\user\AppData\Local\Python\pythoncore-3.14-64\Lib\site-packages\pyspark\bin\..\jars\parquet-format-structures-1.17.0.jar;C:\Users\user\AppData\Local\Python\pythoncore-3.14-64\Lib\site-packages\pyspark\bin\..\jars\parquet-hadoop-1.17.0.jar;C:\Users\user\AppData\Local\Python\pythoncore-3.14-64\Lib\site-packages\pyspark\bin\..\jars\parquet-jackson-1.17.0.jar;C:\Users\user\AppData\Local\Python\pythoncore-3.14-64\Lib\site-packages\pyspark\bin\..\jars\pickle-1.5.jar;C:\Users\user\AppData\Local\Python\pythoncore-3.14-64\Lib\site-packages\pyspark\bin\..\jars\py4j-0.10.9.9.jar;C:\Users\user\AppData\Local\Python\pythoncore-3.14-64\Lib\site-packages\pyspark\bin\..\jars\RoaringBitmap-1.6.10.jar;C:\Users\user\AppData\Local\Python\pythoncore-3.14-64\Lib\site-packages\pyspark\bin\..\jars\rocksdbjni-9.8.4.jar;C:\Users\user\AppData\Local\Python\pythoncore-3.14-64\Lib\site-packages\pyspark\bin\..\jars\scala-compiler-2.13.18.jar;C:\Users\user\AppData\Local\Python\pythoncore-3.14-64\Lib\site-packages\pyspark\bin\..\jars\scala-library-2.13.18.jar;C:\Users\user\AppData\Local\Python\pythoncore-3.14-64\Lib\site-packages\pyspark\bin\..\jars\scala-parallel-collections_2.13-1.2.0.jar;C:\Users\user\AppData\Local\Python\pythoncore-3.14-64\Lib\site-packages\pyspark\bin\..\jars\scala-parser-combinators_2.13-2.4.0.jar;C:\Users\user\AppData\Local\Python\pythoncore-3.14-64\Lib\site-packages\pyspark\bin\..\jars\scala-reflect-2.13.18.jar;C:\Users\user\AppData\Local\Python\pythoncore-3.14-64\Lib\site-packages\pyspark\bin\..\jars\scala-xml_2.13-2.4.0.jar;C:\Users\user\AppData\Local\Python\pythoncore-3.14-64\Lib\site-packages\pyspark\bin\..\jars\slf4j-api-2.0.17.jar;C:\Users\user\AppData\Local\Python\pythoncore-3.14-64\Lib\site-packages\pyspark\bin\..\jars\snakeyaml-2.5.jar;C:\Users\user\AppData\Local\Python\pythoncore-3.14-64\Lib\site-packages\pyspark\bin\..\jars\snakeyaml-engine-3.0.1.jar;C:\Users\user\AppData\Local\Python\pythoncore-3.14-64\Lib\site-packages\pyspark\bin\..\jars\snappy-java-1.1.10.8.jar;C:\Users\user\AppData\Local\Python\pythoncore-3.14-64\Lib\site-packages\pyspark\bin\..\jars\spark-catalyst_2.13-4.2.0.jar;C:\Users\user\AppData\Local\Python\pythoncore-3.14-64\Lib\site-packages\pyspark\bin\..\jars\spark-common-utils-java_2.13-4.2.0.jar;C:\Users\user\AppData\Local\Python\pythoncore-3.14-64\Lib\site-packages\pyspark\bin\..\jars\spark-common-utils_2.13-4.2.0.jar;C:\Users\user\AppData\Local\Python\pythoncore-3.14-64\Lib\site-packages\pyspark\bin\..\jars\spark-connect_2.13-4.2.0.jar;C:\Users\user\AppData\Local\Python\pythoncore-3.14-64\Lib\site-packages\pyspark\bin\..\jars\spark-core_2.13-4.2.0.jar;C:\Users\user\AppData\Local\Python\pythoncore-3.14-64\Lib\site-packages\pyspark\bin\..\jars\spark-graphx_2.13-4.2.0.jar;C:\Users\user\AppData\Local\Python\pythoncore-3.14-64\Lib\site-packages\pyspark\bin\..\jars\spark-hive-thriftserver_2.13-4.2.0.jar;C:\Users\user\AppData\Local\Python\pythoncore-3.14-64\Lib\site-packages\pyspark\bin\..\jars\spark-hive_2.13-4.2.0.jar;C:\Users\user\AppData\Local\Python\pythoncore-3.14-64\Lib\site-packages\pyspark\bin\..\jars\spark-kubernetes_2.13-4.2.0.jar;C:\Users\user\AppData\Local\Python\pythoncore-3.14-64\Lib\site-packages\pyspark\bin\..\jars\spark-kvstore_2.13-4.2.0.jar;C:\Users\user\AppData\Local\Python\pythoncore-3.14-64\Lib\site-packages\pyspark\bin\..\jars\spark-launcher_2.13-4.2.0.jar;C:\Users\user\AppData\Local\Python\pythoncore-3.14-64\Lib\site-packages\pyspark\bin\..\jars\spark-mllib-local_2.13-4.2.0.jar;C:\Users\user\AppData\Local\Python\pythoncore-3.14-64\Lib\site-packages\pyspark\bin\..\jars\spark-mllib_2.13-4.2.0.jar;C:\Users\user\AppData\Local\Python\pythoncore-3.14-64\Lib\site-packages\pyspark\bin\..\jars\spark-network-common_2.13-4.2.0.jar;C:\Users\user\AppData\Local\Python\pythoncore-3.14-64\Lib\site-packages\pyspark\bin\..\jars\spark-network-shuffle_2.13-4.2.0.jar;C:\Users\user\AppData\Local\Python\pythoncore-3.14-64\Lib\site-packages\pyspark\bin\..\jars\spark-pipelines_2.13-4.2.0.jar;C:\Users\user\AppData\Local\Python\pythoncore-3.14-64\Lib\site-packages\pyspark\bin\..\jars\spark-repl_2.13-4.2.0.jar;C:\Users\user\AppData\Local\Python\pythoncore-3.14-64\Lib\site-packages\pyspark\bin\..\jars\spark-sketch_2.13-4.2.0.jar;C:\Users\user\AppData\Local\Python\pythoncore-3.14-64\Lib\site-packages\pyspark\bin\..\jars\spark-sql-api_2.13-4.2.0.jar;C:\Users\user\AppData\Local\Python\pythoncore-3.14-64\Lib\site-packages\pyspark\bin\..\jars\spark-sql_2.13-4.2.0.jar;C:\Users\user\AppData\Local\Python\pythoncore-3.14-64\Lib\site-packages\pyspark\bin\..\jars\spark-streaming_2.13-4.2.0.jar;C:\Users\user\AppData\Local\Python\pythoncore-3.14-64\Lib\site-packages\pyspark\bin\..\jars\spark-tags_2.13-4.2.0.jar;C:\Users\user\AppData\Local\Python\pythoncore-3.14-64\Lib\site-packages\pyspark\bin\..\jars\spark-unsafe_2.13-4.2.0.jar;C:\Users\user\AppData\Local\Python\pythoncore-3.14-64\Lib\site-packages\pyspark\bin\..\jars\spark-variant_2.13-4.2.0.jar;C:\Users\user\AppData\Local\Python\pythoncore-3.14-64\Lib\site-packages\pyspark\bin\..\jars\spark-yarn_2.13-4.2.0.jar;C:\Users\user\AppData\Local\Python\pythoncore-3.14-64\Lib\site-packages\pyspark\bin\..\jars\spire-macros_2.13-0.18.0.jar;C:\Users\user\AppData\Local\Python\pythoncore-3.14-64\Lib\site-packages\pyspark\bin\..\jars\spire-platform_2.13-0.18.0.jar;C:\Users\user\AppData\Local\Python\pythoncore-3.14-64\Lib\site-packages\pyspark\bin\..\jars\spire-util_2.13-0.18.0.jar;C:\Users\user\AppData\Local\Python\pythoncore-3.14-64\Lib\site-packages\pyspark\bin\..\jars\spire_2.13-0.18.0.jar;C:\Users\user\AppData\Local\Python\pythoncore-3.14-64\Lib\site-packages\pyspark\bin\..\jars\ST4-4.0.4.jar;C:\Users\user\AppData\Local\Python\pythoncore-3.14-64\Lib\site-packages\pyspark\bin\..\jars\stax-api-1.0.1.jar;C:\Users\user\AppData\Local\Python\pythoncore-3.14-64\Lib\site-packages\pyspark\bin\..\jars\stream-2.9.8.jar;C:\Users\user\AppData\Local\Python\pythoncore-3.14-64\Lib\site-packages\pyspark\bin\..\jars\super-csv-2.2.0.jar;C:\Users\user\AppData\Local\Python\pythoncore-3.14-64\Lib\site-packages\pyspark\bin\..\jars\threeten-extra-1.8.0.jar;C:\Users\user\AppData\Local\Python\pythoncore-3.14-64\Lib\site-packages\pyspark\bin\..\jars\tink-1.20.0.jar;C:\Users\user\AppData\Local\Python\pythoncore-3.14-64\Lib\site-packages\pyspark\bin\..\jars\transaction-api-1.1.jar;C:\Users\user\AppData\Local\Python\pythoncore-3.14-64\Lib\site-packages\pyspark\bin\..\jars\univocity-parsers-2.9.1.jar;C:\Users\user\AppData\Local\Python\pythoncore-3.14-64\Lib\site-packages\pyspark\bin\..\jars\vertx-auth-common-4.5.26.jar;C:\Users\user\AppData\Local\Python\pythoncore-3.14-64\Lib\site-packages\pyspark\bin\..\jars\vertx-core-4.5.26.jar;C:\Users\user\AppData\Local\Python\pythoncore-3.14-64\Lib\site-packages\pyspark\bin\..\jars\vertx-uri-template-4.5.26.jar;C:\Users\user\AppData\Local\Python\pythoncore-3.14-64\Lib\site-packages\pyspark\bin\..\jars\vertx-web-client-4.5.26.jar;C:\Users\user\AppData\Local\Python\pythoncore-3.14-64\Lib\site-packages\pyspark\bin\..\jars\vertx-web-common-4.5.26.jar;C:\Users\user\AppData\Local\Python\pythoncore-3.14-64\Lib\site-packages\pyspark\bin\..\jars\volcano-client-7.6.1.jar;C:\Users\user\AppData\Local\Python\pythoncore-3.14-64\Lib\site-packages\pyspark\bin\..\jars\volcano-model-7.6.1.jar;C:\Users\user\AppData\Local\Python\pythoncore-3.14-64\Lib\site-packages\pyspark\bin\..\jars\xbean-asm9-shaded-4.30.jar;C:\Users\user\AppData\Local\Python\pythoncore-3.14-64\Lib\site-packages\pyspark\bin\..\jars\xmlschema-core-2.3.1.jar;C:\Users\user\AppData\Local\Python\pythoncore-3.14-64\Lib\site-packages\pyspark\bin\..\jars\xz-1.12.jar;C:\Users\user\AppData\Local\Python\pythoncore-3.14-64\Lib\site-packages\pyspark\bin\..\jars\zjsonpatch-7.6.1.jar;C:\Users\user\AppData\Local\Python\pythoncore-3.14-64\Lib\site-packages\pyspark\bin\..\jars\zookeeper-3.9.5.jar;C:\Users\user\AppData\Local\Python\pythoncore-3.14-64\Lib\site-packages\pyspark\bin\..\jars\zookeeper-jute-3.9.5.jar;C:\Users\user\AppData\Local\Python\pythoncore-3.14-64\Lib\site-packages\pyspark\bin\..\jars\zstd-jni-1.5.7-7.jar
Launcher Type: SUN_STANDARD

[Global flags]
     intx CICompilerCount                          = 4                                         {product} {ergonomic}
     uint ConcGCThreads                            = 3                                         {product} {ergonomic}
     uint G1ConcRefinementThreads                  = 11                                        {product} {ergonomic}
   size_t G1HeapRegionSize                         = 1048576                                   {product} {ergonomic}
     bool IgnoreUnrecognizedVMOptions              = true                                      {product} {command line}
   size_t InitialHeapSize                          = 125829120                                 {product} {ergonomic}
   size_t MarkStackSize                            = 4194304                                   {product} {ergonomic}
   size_t MarkStackSizeMax                         = 536870912                                 {product} {ergonomic}
   size_t MaxHeapSize                              = 1073741824                                {product} {command line}
   size_t MaxNewSize                               = 643825664                                 {product} {ergonomic}
   size_t MinHeapDeltaBytes                        = 1048576                                   {product} {ergonomic}
   size_t MinHeapSize                              = 8388608                                   {product} {ergonomic}
    uintx NonNMethodCodeHeapSize                   = 5898240                                {pd product} {ergonomic}
    uintx NonProfiledCodeHeapSize                  = 122945536                              {pd product} {ergonomic}
    uintx ProfiledCodeHeapSize                     = 122945536                              {pd product} {ergonomic}
    uintx ReservedCodeCacheSize                    = 251789312                              {pd product} {ergonomic}
     bool SegmentedCodeCache                       = true                                      {product} {ergonomic}
   size_t SoftMaxHeapSize                          = 1073741824                             {manageable} {ergonomic}
     bool UseCompressedOops                        = true                           {product lp64_product} {ergonomic}
     bool UseG1GC                                  = true                                      {product} {ergonomic}
     bool UseLargePagesIndividualAllocation        = false                                  {pd product} {ergonomic}

Logging:
Log output configuration:
 #0: stdout all=warning uptime,level,tags foldmultilines=false
 #1: stderr all=off uptime,level,tags foldmultilines=false

Release file:
IMPLEMENTOR="Eclipse Adoptium" 
IMPLEMENTOR_VERSION="Temurin-25.0.4.1+1" 
JAVA_RUNTIME_VERSION="25.0.4.1+1-LTS" 
JAVA_VERSION="25.0.4.1" 
JAVA_VERSION_DATE="2026-08-18" 
LIBC="default" 
MODULES="java.base java.compiler java.datatransfer java.xml java.prefs java.desktop java.instrument java.logging java.management java.security.sasl java.naming java.rmi java.management.rmi java.net.http java.scripting java.security.jgss java.transaction.xa java.sql java.sql.rowset java.xml.crypto java.se java.smartcardio jdk.accessibility jdk.internal.jvmstat jdk.attach jdk.charsets jdk.internal.opt jdk.zipfs jdk.compiler jdk.crypto.cryptoki jdk.crypto.ec jdk.crypto.mscapi jdk.dynalink jdk.internal.ed jdk.editpad jdk.internal.vm.ci jdk.graal.compiler jdk.graal.compiler.management jdk.hotspot.agent jdk.httpserver jdk.incubator.vector jdk.internal.le jdk.internal.md jdk.jartool jdk.javadoc jdk.jcmd jdk.management jdk.management.agent jdk.jconsole jdk.jdeps jdk.jdwp.agent jdk.jdi jdk.jfr jdk.jlink jdk.jpackage jdk.jshell jdk.jsobject jdk.jstatd jdk.localedata jdk.management.jfr jdk.naming.dns jdk.naming.rmi jdk.net jdk.nio.mapmode jdk.sctp jdk.security.auth jdk.security.jgss jdk.unsupported jdk.unsupported.desktop jdk.xml.dom" 
OS_ARCH="x86_64" 
OS_NAME="Windows" 
SOURCE=".:git:520406d87195" 
BUILD_SOURCE="git:e6ba7dec3d07654074559310376a3ae89da5f4ac"
BUILD_SOURCE_REPO="https://github.com/adoptium/temurin-build.git"
SOURCE_REPO="https://github.com/adoptium/jdk25u.git"
FULL_VERSION="25.0.4.1+1-LTS"
SEMANTIC_VERSION="25.0.4.1+1"
BUILD_INFO="OS: Windows Server 2022 Version: 10.0"
JVM_VARIANT="Hotspot"
JVM_VERSION="25.0.4.1+1-LTS"
IMAGE_TYPE="JDK"

Environment Variables:
JAVA_HOME=C:\Program Files\Eclipse Adoptium\jdk-25.0.4.101-hotspot
PATH=c:\Users\user\AppData\Local\Python\pythoncore-3.14-64;c:\Users\user\AppData\Roaming\Python\Python314\Scripts;C:\Program Files\Eclipse Adoptium\jdk-25.0.4.101-hotspot\bin;C:\WINDOWS\system32;C:\WINDOWS;C:\WINDOWS\System32\Wbem;C:\WINDOWS\System32\WindowsPowerShell\v1.0\;C:\WINDOWS\System32\OpenSSH\;C:\Program Files (x86)\ecl\home\;C:\Program Files\Git\cmd;C:\Program Files\Microsoft SQL Server\170\DTS\Binn\;C:\Program Files\dotnet\;C:\Program Files (x86)\Microsoft SQL Server\170\Tools\Binn\;C:\Program Files\Microsoft SQL Server\170\Tools\Binn\;C:\Program Files\Microsoft SQL Server\Client SDK\ODBC\180\Tools\Binn\;C:\Program Files (x86)\Google\Cloud SDK\google-cloud-sdk\bin;C:\hadoop\bin;C:\Users\user\AppData\Local\Microsoft\WindowsApps;C:\Users\user\AppData\Local\Programs\Microsoft VS Code\bin;C:\Users\user\AppData\Local\Python\bin;C:\Users\user\AppData\Local\Programs\DockerDesktop\resources\bin;C:\Users\user\.dotnet\tools;C:\Users\user\AppData\Local\JetBrains\Toolbox\scripts;C:\Users\user\AppData\Local\Python\pythoncore-3.14-64\Scripts;;C:\Program Files\Eclipse Adoptium\jdk-25.0.4.101-hotspot\bin;C:\WINDOWS\system32;C:\WINDOWS;C:\WINDOWS\System32\Wbem;C:\WINDOWS\System32\WindowsPowerShell\v1.0\;C:\WINDOWS\System32\OpenSSH\;C:\Program Files (x86)\ecl\home\;C:\Program Files\Git\cmd;C:\Program Files\Microsoft SQL Server\170\DTS\Binn\;C:\Program Files\dotnet\;C:\Program Files (x86)\Microsoft SQL Server\170\Tools\Binn\;C:\Program Files\Microsoft SQL Server\170\Tools\Binn\;C:\Program Files\Microsoft SQL Server\Client SDK\ODBC\180\Tools\Binn\;C:\Program Files (x86)\Google\Cloud SDK\google-cloud-sdk\bin;C:\hadoop\bin;C:\Users\user\AppData\Local\Microsoft\WindowsApps;C:\Users\user\AppData\Local\Programs\Microsoft VS Code\bin;C:\Users\user\AppData\Local\Python\bin;C:\Users\user\AppData\Local\Programs\DockerDesktop\resources\bin;C:\Users\user\.dotnet\tools;C:\Users\user\AppData\Local\JetBrains\Toolbox\scripts;C:\Users\user\AppData\Local\Python\pythoncore-3.14-64\Scripts;
USERNAME=user
TERM=xterm-color
OS=Windows_NT
PROCESSOR_IDENTIFIER=Intel64 Family 6 Model 170 Stepping 4, GenuineIntel
TMP=C:\Users\user\AppData\Local\Temp
TEMP=C:\Users\user\AppData\Local\Temp




Compilation memory statistics disabled.

Periodic native trim disabled

---------------  S Y S T E M  ---------------

OS:
 Windows 11 , 64 bit Build 26100 (10.0.26100.9444)
OS uptime: 3 days 1:50 hours
Hyper-V role detected

CPU: total 14 (initial active 14) (7 cores per cpu, 2 threads per core) family 6 model 170 stepping 4 microcode 0x28, cx8, cmov, fxsr, ht, mmx, 3dnowpref, sse, sse2, sse3, ssse3, sse4.1, sse4.2, popcnt, lzcnt, tsc, tscinvbit, avx, avx2, aes, erms, clmul, bmi1, bmi2, adx, sha, fma, vzeroupper, clflush, clflushopt, clwb, hv, serialize, rdtscp, rdpid, fsrm, gfni, f16c, cet_ibt, cet_ss
Processor Information for processor 0
  Max Mhz: 1300, Current Mhz: 1300, Mhz Limit: 1300
Processor Information for processor 1
  Max Mhz: 1300, Current Mhz: 1300, Mhz Limit: 1300
Processor Information for processor 2
  Max Mhz: 800, Current Mhz: 800, Mhz Limit: 800
Processor Information for processor 3
  Max Mhz: 800, Current Mhz: 800, Mhz Limit: 800
Processor Information for processor 4
  Max Mhz: 800, Current Mhz: 800, Mhz Limit: 800
Processor Information for processor 5
  Max Mhz: 800, Current Mhz: 800, Mhz Limit: 800
Processor Information for processor 6
  Max Mhz: 800, Current Mhz: 800, Mhz Limit: 800
Processor Information for processor 7
  Max Mhz: 800, Current Mhz: 800, Mhz Limit: 800
Processor Information for processor 8
  Max Mhz: 800, Current Mhz: 800, Mhz Limit: 800
Processor Information for processor 9
  Max Mhz: 800, Current Mhz: 800, Mhz Limit: 800
Processor Information for processor 10
  Max Mhz: 1300, Current Mhz: 1300, Mhz Limit: 1300
Processor Information for processor 11
  Max Mhz: 1300, Current Mhz: 1300, Mhz Limit: 1300
Processor Information for processor 12
  Max Mhz: 700, Current Mhz: 700, Mhz Limit: 700
Processor Information for processor 13
  Max Mhz: 700, Current Mhz: 700, Mhz Limit: 700

Memory: 4k page, system-wide physical 7644M (1038M free)
TotalPageFile size 31196M (AvailPageFile size 5M)
current process WorkingSet (physical memory assigned to process): 157M, peak: 1061M
current process commit charge ("private bytes"): 1531M, peak: 2249M

vm_info: OpenJDK 64-Bit Server VM (25.0.4.1+1-LTS) for windows-amd64 JRE (25.0.4.1+1-LTS), built on 2026-08-18T00:00:00Z with MS VC++ 17.12 (VS2022)

END.
